alink,product_name,price,sold
https://www.lazada.co.th/products/key-k2-v284-rgb-backlight-windows-i2752925304.html,Key‡∏õ‡∏∏‡∏¢ K2 V2‡∏Ñ‡∏µ‡∏¢‡πå‡∏ö‡∏≠‡∏£‡πå‡∏î‡∏ö‡∏•‡∏π‡∏ó‡∏π‡∏ò‡πÑ‡∏£‡πâ‡∏™‡∏≤‡∏¢‡πÅ‡∏ö‡∏ö‡πÄ‡∏°‡∏Ñ‡∏Ñ‡∏≤‡∏ô‡∏¥‡πÄ‡∏Ñ‡∏¥‡∏•‡∏Ç‡∏≤‡∏¢‡∏î‡∏µ‡∏Ñ‡∏µ‡∏¢‡πå‡∏ö‡∏≠‡∏£‡πå‡∏î‡∏Ç‡∏ô‡∏≤‡∏î‡∏Å‡∏∞‡∏ó‡∏±‡∏î‡∏£‡∏±‡∏î84‡∏Ñ‡∏µ‡∏¢‡πå‡∏Ñ‡∏µ‡∏¢‡πå‡∏ö‡∏≠‡∏£‡πå‡∏î‡πÄ‡∏•‡πà‡∏ô‡πÄ‡∏Å‡∏° RGB Backlight ‡∏™‡∏≥‡∏´‡∏£‡∏±‡∏ö Windows,"‡∏ø2,560.00",29 ‡∏ä‡∏¥‡πâ‡∏ô
https://www.lazada.co.th/products/keychron-k2-wireless-keyboard-non-hotswap-75-i2830032718.html,Keychron K2 Wireless Keyboard Non hotswap (‡∏Ñ‡∏µ‡∏¢‡πå‡∏ö‡∏≠‡∏£‡πå‡∏î‡πÑ‡∏£‡πâ‡∏™‡∏≤‡∏¢‡πÅ‡∏ö‡∏ö‡∏ö‡∏±‡∏î‡∏Å‡∏£‡∏µ 75%),"‡∏ø3,590.00",88 ‡∏ä‡∏¥‡πâ‡∏ô
https://www.lazada.co.th/products/keychron-keycap-set-pbt-k2q1-oemxda-profile-dye-sub-retro-thai-k2q1-i3474092554.html,"Keychron Keycap Set PBT K2/Q1 OEM,XDA Profile Dye-Sub  - Retro Thai ‡∏Ñ‡∏µ‡∏¢‡πå‡∏Ñ‡∏£‡∏≠‡∏ô ‡∏õ‡∏∏‡πà‡∏°‡∏Ñ‡∏µ‡∏¢‡πå‡πÅ‡∏Ñ‡∏õ‡∏†‡∏≤‡∏©‡∏≤‡πÑ‡∏ó‡∏¢ ‡∏™‡∏≥‡∏´‡∏£‡∏±‡∏ö‡∏Ñ‡∏µ‡∏¢‡πå‡∏ö‡∏≠‡∏£‡πå‡∏î‡∏£‡∏∏‡πà‡∏ô K2/Q1","‡∏ø1,590.00",53 ‡∏ä‡∏¥‡πâ‡∏ô
https://www.lazada.co.th/products/keychron-keycap-set-pbt-k2k6k4k8-oem-profile-dye-sub-retro-engthai-i3083389385.html,"Keychron Keycap Set PBT K2,K6,K4,K8 OEM Profile Dye-Sub - Retro ENG,Thai ‡∏Ñ‡∏µ‡∏¢‡πå‡∏Ñ‡∏£‡∏≠‡∏ô ‡∏õ‡∏∏‡πà‡∏°‡∏Ñ‡∏µ‡∏¢‡πå‡πÅ‡∏Ñ‡∏õ‡∏†‡∏≤‡∏©‡∏≤‡∏≠‡∏±‡∏á‡∏Å‡∏§‡∏©,‡πÑ‡∏ó‡∏¢ ‡∏™‡∏≥‡∏´‡∏£‡∏±‡∏ö‡∏Ñ‡∏µ‡∏¢‡πå‡∏ö‡∏≠‡∏£‡πå‡∏î","‡∏ø1,590.00",31 ‡∏ä‡∏¥‡πâ‡∏ô
https://www.lazada.co.th/products/keychron-k2k4k6k8-i2583881962.html,Keychron ‡∏Ñ‡∏µ‡∏¢‡πå‡∏ö‡∏≠‡∏£‡πå‡∏î‡∏ß‡∏≠‡∏•‡∏ô‡∏±‡∏ó‡πÅ‡∏ú‡πà‡∏ô‡∏£‡∏≠‡∏á‡∏°‡∏∑‡∏≠‡∏™‡∏≥‡∏´‡∏£‡∏±‡∏ö‡∏Ñ‡∏µ‡∏¢‡πå‡∏ö‡∏≠‡∏£‡πå‡∏î‡∏™‡∏≤‡∏¢‡∏£‡∏±‡∏î‡∏Ç‡πâ‡∏≠‡∏°‡∏∑‡∏≠‡∏™‡∏≤‡∏¢‡∏£‡∏±‡∏î‡∏Ç‡πâ‡∏≠‡∏°‡∏∑‡∏≠‡πÑ‡∏°‡πâ‡πÄ‡∏´‡∏°‡∏≤‡∏∞‡∏™‡∏≥‡∏´‡∏£‡∏±‡∏ö K2/K4/K6/K8,‡∏ø467.52,308 ‡∏ä‡∏¥‡πâ‡∏ô
https://www.lazada.co.th/products/keychron-k2-non-backlight-75-84-c-mac-windows-i3671311200.html,Keychron K2 Non-Backlight ‡∏Å‡∏£‡∏≠‡∏ö‡∏≠‡∏•‡∏π‡∏°‡∏¥‡πÄ‡∏ô‡∏µ‡∏¢‡∏°75% ‡πÄ‡∏Ñ‡πâ‡∏≤‡πÇ‡∏Ñ‡∏£‡∏á84‡∏õ‡∏∏‡πà‡∏°‡πÑ‡∏£‡πâ‡∏™‡∏≤‡∏¢‡∏´‡∏•‡∏≤‡∏¢‡∏õ‡∏£‡∏∞‡πÄ‡∏†‡∏ó-C ‡∏Ñ‡∏µ‡∏¢‡πå‡∏ö‡∏≠‡∏£‡πå‡∏î‡∏™‡∏≥‡∏´‡∏£‡∏±‡∏ö Mac Windows,"‡∏ø2,799.00",6 ‡∏ä‡∏¥‡πâ‡∏ô
https://www.lazada.co.th/products/keychron-k2v2-k2-hotswap-rgb-key-eng-mechanical-keyboard-wireless-100-i3082026133.html,Keychron K2V2 K2 hotswap RGB (Key ENG) Mechanical Keyboard ‡∏Ñ‡∏µ‡∏¢‡πå‡∏ö‡∏≠‡∏£‡πå‡∏î‡πÑ‡∏£‡πâ‡∏™‡∏≤‡∏¢ Wireless ‡πÅ‡∏ó‡πâ100% ‡∏ñ‡∏π‡∏Å‡∏™‡∏∏‡∏î‡πÉ‡∏ô‡πÇ‡∏•‡∏Å,"‡∏ø3,690.00",17 ‡∏ä‡∏¥‡πâ‡∏ô
https://www.lazada.co.th/products/keychron-k2-v2-rgb-i3592001900.html,Keychron K2 V2 RGB  ‡∏Ñ‡∏µ‡∏¢‡πå‡∏ö‡∏≠‡∏£‡πå‡∏î‡πÑ‡∏£‡πâ‡∏™‡∏≤‡∏¢ - ‡∏£‡∏∞‡∏ö‡∏ö‡∏¢‡πâ‡∏≠‡∏ô‡πÅ‡∏™‡∏á ‡∏Ç‡∏≠‡∏á‡πÉ‡∏´‡∏°‡πà‡πÅ‡∏ó‡πâüíØ%,"‡∏ø3,210.00",118 ‡∏ä‡∏¥‡πâ‡∏ô
https://www.lazada.co.th/products/in-stock-keychron-k2-v2-rgb-i3402355863.html,[‡∏õ‡∏£‡∏∞‡∏Å‡∏±‡∏ô‡πÑ‡∏ó‡∏¢] [in stock] Keychron K2 V2 RGB ‡∏Ñ‡∏µ‡∏¢‡πå‡∏ö‡∏≠‡∏£‡πå‡∏î ‡∏™‡∏¥‡∏ô‡∏Ñ‡πâ‡∏≤‡∏ñ‡πà‡∏≤‡∏¢‡∏à‡∏≤‡∏Å‡∏á‡∏≤‡∏ô‡∏à‡∏£‡∏¥‡∏á üíØ% ‡∏Ñ‡∏µ‡∏¢‡πå‡∏ö‡∏≠‡∏£‡πå‡∏î‡πÑ‡∏£‡πâ‡∏™‡∏≤‡∏¢ - ‡∏£‡∏∞‡∏ö‡∏ö‡∏¢‡πâ‡∏≠‡∏ô‡πÅ‡∏™‡∏á,"‡∏ø3,250.00",97 ‡∏ä‡∏¥‡πâ‡∏ô
https://www.lazada.co.th/products/100keychron-k2-v2-rgb-mechanical-keyboard-i4020174517.html,„Äê‡∏û‡∏£‡πâ‡∏≠‡∏°‡∏™‡πà‡∏á‡∏Ç‡∏≠‡∏á‡πÅ‡∏ó‡πâ100%„ÄëKeychron K2 V2 RGB ‡∏Ñ‡∏µ‡∏¢‡πå‡∏ö‡∏≠‡∏£‡πå‡∏î Mechanical Keyboard ‡∏Ñ‡∏µ‡∏¢‡πå‡∏ö‡∏≠‡∏£‡πå‡∏î‡πÑ‡∏£‡πâ‡∏™‡∏≤‡∏¢ - ‡∏£‡∏∞‡∏ö‡∏ö‡∏¢‡πâ‡∏≠‡∏ô‡πÅ‡∏™‡∏á,"‡∏ø3,050.00",61 ‡∏ä‡∏¥‡πâ‡∏ô
https://www.lazada.co.th/products/100keychron-k2-v2-rgb-mechanical-keyboard-i3875066464.html,„Äê‡∏û‡∏£‡πâ‡∏≠‡∏°‡∏™‡πà‡∏á‡∏Ç‡∏≠‡∏á‡πÅ‡∏ó‡πâ100%„ÄëKeychron K2 V2 RGB ‡∏Ñ‡∏µ‡∏¢‡πå‡∏ö‡∏≠‡∏£‡πå‡∏î Mechanical Keyboard ‡∏Ñ‡∏µ‡∏¢‡πå‡∏ö‡∏≠‡∏£‡πå‡∏î‡πÑ‡∏£‡πâ‡∏™‡∏≤‡∏¢ - ‡∏£‡∏∞‡∏ö‡∏ö‡∏¢‡πâ‡∏≠‡∏ô‡πÅ‡∏™‡∏á,"‡∏ø3,049.00",32 ‡∏ä‡∏¥‡πâ‡∏ô
https://www.lazada.co.th/products/keychron-k2-gateron-g-pro-switch-led-backlit-84-key-mac-windows-i4251272246.html,Keychron K2‡∏ö‡∏•‡∏π‡∏ó‡∏π‡∏ò‡∏Ñ‡∏µ‡∏¢‡πå‡∏ö‡∏≠‡∏£‡πå‡∏î‡πÑ‡∏£‡πâ‡∏™‡∏≤‡∏¢ Gateron G Pro Switch LED ‡∏™‡∏µ‡∏Ç‡∏≤‡∏ß Backlit 84-Key ‡∏™‡∏≥‡∏´‡∏£‡∏±‡∏ö Mac Windows,"‡∏ø2,026.00",
https://www.lazada.co.th/products/keychron-k5-low-profile-keyboard-104-keys-thai-100-104-i4092977975.html,Keychron K5 Low profile Keyboard 104 Keys Thai (‡∏Ñ‡∏µ‡∏¢‡πå‡∏ö‡∏≠‡∏£‡πå‡∏î‡πÑ‡∏£‡πâ‡∏™‡∏≤‡∏¢‡∏†‡∏≤‡∏©‡∏≤‡πÑ‡∏ó‡∏¢‡∏Ç‡∏ô‡∏≤‡∏î 100% ‡∏ü‡∏π‡∏•‡πÑ‡∏ã‡∏™‡πå 104‡∏õ‡∏∏‡πà‡∏°),"‡∏ø4,390.00",81 ‡∏ä‡∏¥‡πâ‡∏ô
https://www.lazada.co.th/products/original-keychron-k3-v2-ultra-slim-wireless-mechanical-keyboard-low-profile-keyboard-hot-swappable-keyboard-75-keyboard-for-mac-windows-i3575621754.html,Original Keychron K3 V2 Ultra-slim Wireless Mechanical Keyboard Low Profile Keyboard Hot-Swappable Keyboard 75% Keyboard for Mac Windows,"‡∏ø2,495.00",66 ‡∏ä‡∏¥‡πâ‡∏ô
https://www.lazada.co.th/products/key-k2-v284-rgb-backlight-windows-i2752574310.html,Key‡∏õ‡∏∏‡∏¢ K2 V2‡∏Ñ‡∏µ‡∏¢‡πå‡∏ö‡∏≠‡∏£‡πå‡∏î‡∏ö‡∏•‡∏π‡∏ó‡∏π‡∏ò‡πÑ‡∏£‡πâ‡∏™‡∏≤‡∏¢‡πÅ‡∏ö‡∏ö‡πÄ‡∏°‡∏Ñ‡∏Ñ‡∏≤‡∏ô‡∏¥‡πÄ‡∏Ñ‡∏¥‡∏•‡∏Ç‡∏≤‡∏¢‡∏î‡∏µ‡∏Ñ‡∏µ‡∏¢‡πå‡∏ö‡∏≠‡∏£‡πå‡∏î‡∏Ç‡∏ô‡∏≤‡∏î‡∏Å‡∏∞‡∏ó‡∏±‡∏î‡∏£‡∏±‡∏î84‡∏Ñ‡∏µ‡∏¢‡πå‡∏Ñ‡∏µ‡∏¢‡πå‡∏ö‡∏≠‡∏£‡πå‡∏î‡πÄ‡∏•‡πà‡∏ô‡πÄ‡∏Å‡∏° RGB Backlight ‡∏™‡∏≥‡∏´‡∏£‡∏±‡∏ö Windows,"‡∏ø3,390.00",
https://www.lazada.co.th/products/keychron-k1se-low-profile-keyboard-87-keys-thai-tkl-87-i3950657063.html,Keychron K1SE Low profile Keyboard 87 Keys Thai (‡∏Ñ‡∏µ‡∏¢‡πå‡∏ö‡∏≠‡∏£‡πå‡∏î‡πÑ‡∏£‡πâ‡∏™‡∏≤‡∏¢‡∏†‡∏≤‡∏©‡∏≤‡πÑ‡∏ó‡∏¢‡∏Ç‡∏ô‡∏≤‡∏î TKL 87‡∏õ‡∏∏‡πà‡∏°),"‡∏ø4,390.00",24 ‡∏ä‡∏¥‡πâ‡∏ô
https://www.lazada.co.th/products/keychron-q0-qmk-via-custom-numpad-keyboard-i4198078946.html,Keychron Q0 QMK VIA Custom Numpad Keyboard ‡∏Ñ‡∏µ‡∏¢‡πå‡∏Ñ‡∏£‡∏≠‡∏ô ‡∏Ñ‡∏µ‡∏¢‡πå‡∏ö‡∏≠‡∏£‡πå‡∏î ‡∏ô‡∏±‡∏°‡πÅ‡∏û‡∏î,"‡∏ø3,490.00",6 ‡∏ä‡∏¥‡πâ‡∏ô
https://www.lazada.co.th/products/keychron-q0-qmk-custom-number-pad-rgbqmk-via-i4148894278.html,"Keychron Q0 QMK ‡∏Ñ‡∏µ‡∏¢‡πå‡∏ö‡∏≠‡∏£‡πå‡∏î‡πÅ‡∏ö‡∏ö‡∏Å‡∏•‡πÑ‡∏Å‡∏õ‡∏£‡∏∞‡∏Å‡∏≠‡∏ö‡∏≠‡∏¢‡πà‡∏≤‡∏á‡πÄ‡∏ï‡πá‡∏°‡∏ó‡∏µ‡πà Custom Number Pad ‡πÅ‡∏ö‡∏ö‡∏°‡∏µ‡∏™‡∏≤‡∏¢,RGB,‡∏≠‡∏•‡∏π‡∏°‡∏¥‡πÄ‡∏ô‡∏µ‡∏¢‡∏°,QMK VIA","‡∏ø2,470.00",
https://www.lazada.co.th/products/keychron-v1-custom-keyboard-qmk-via-eng-75-i4304429938.html,Keychron V1 Custom Keyboard QMK VIA ENG (‡∏Ñ‡∏±‡∏™‡∏ï‡πâ‡∏≠‡∏° ‡∏Ñ‡∏µ‡∏¢‡πå‡∏ö‡∏≠‡∏£‡πå‡∏î‡∏†‡∏≤‡∏©‡∏≤‡∏≠‡∏±‡∏á‡∏Å‡∏§‡∏©‡∏Ç‡∏ô‡∏≤‡∏î 75%),"‡∏ø3,990.00",
https://www.lazada.co.th/products/keychron-k12-rgb-hotswap-aluminium-key-eng-mechanical-keyboard-wireless-100-i3082059874.html,Keychron K12 RGB Hotswap Aluminium (Key ENG) Mechanical Keyboard ‡∏Ñ‡∏µ‡∏¢‡πå‡∏ö‡∏≠‡∏£‡πå‡∏î‡πÑ‡∏£‡πâ‡∏™‡∏≤‡∏¢ Wireless ‡πÅ‡∏ó‡πâ100% ‡∏ñ‡∏π‡∏Å‡∏™‡∏∏‡∏î‡πÉ‡∏ô‡πÇ‡∏•‡∏Å,"‡∏ø3,390.00",
https://www.lazada.co.th/products/keychron-k1-wireless-keyboard-version-5-keyboard-thai-tkl-i4304473213.html,Keychron K1 Wireless Keyboard (Version 5) Keyboard Thai (‡∏Ñ‡∏µ‡∏¢‡πå‡∏ö‡∏≠‡∏£‡πå‡∏î‡πÑ‡∏£‡πâ‡∏™‡∏≤‡∏¢‡∏†‡∏≤‡∏©‡∏≤‡πÑ‡∏ó‡∏¢‡∏Ç‡∏ô‡∏≤‡∏î TKL),"‡∏ø4,090.00",8 ‡∏ä‡∏¥‡πâ‡∏ô
https://www.lazada.co.th/products/keychron-k6-68-key-usb-rgb-backlit-gateron-i4252119474.html,Keychron K6 68-Key USB ‡∏ö‡∏•‡∏π‡∏ó‡∏π‡∏ò RGB Backlit Gateron ‡∏™‡∏ß‡∏¥‡∏ó‡∏ä‡πå‡∏Ñ‡∏≠‡∏°‡∏û‡∏¥‡∏ß‡πÄ‡∏ï‡∏≠‡∏£‡πå‡∏ß‡∏¥‡∏®‡∏ß‡∏Å‡∏£‡∏£‡∏°‡πÅ‡∏õ‡πâ‡∏ô‡∏û‡∏¥‡∏°‡∏û‡πå‡∏Å‡∏£‡∏≠‡∏ö‡∏û‡∏•‡∏≤‡∏™‡∏ï‡∏¥‡∏Å,"‡∏ø1,777.00",
https://www.lazada.co.th/products/keychron-k3-rgb-low-profile-keyboard-mechanical-keyboard-wireless-100-i3082118450.html,Keychron K3 RGB Low Profile Keyboard Mechanical Keyboard ‡∏Ñ‡∏µ‡∏¢‡πå‡∏ö‡∏≠‡∏£‡πå‡∏î‡πÑ‡∏£‡πâ‡∏™‡∏≤‡∏¢ Wireless ‡πÅ‡∏ó‡πâ100% ‡∏ñ‡∏π‡∏Å‡∏™‡∏∏‡∏î‡πÉ‡∏ô‡πÇ‡∏•‡∏Å,"‡∏ø3,290.00",22 ‡∏ä‡∏¥‡πâ‡∏ô
https://www.lazada.co.th/products/keychron-k4-hotswap-key-eng-mechanical-keyboard-wireless-100-i4025624141.html,Keychron K4 hotswap (Key ENG) Mechanical Keyboard ‡∏Ñ‡∏µ‡∏¢‡πå‡∏ö‡∏≠‡∏£‡πå‡∏î‡πÑ‡∏£‡πâ‡∏™‡∏≤‡∏¢ Wireless ‡πÅ‡∏ó‡πâ100% ‡∏ñ‡∏π‡∏Å‡∏™‡∏∏‡∏î‡πÉ‡∏ô‡πÇ‡∏•‡∏Å,"‡∏ø3,799.00",
https://www.lazada.co.th/products/in-stock-keychron-k4-v2-mode-5-1-i4019688539.html,[‡∏õ‡∏£‡∏∞‡∏Å‡∏±‡∏ô‡πÑ‡∏ó‡∏¢] [in stock] Keychron K4 V2 ‡∏Ñ‡∏µ‡∏¢‡πå‡∏ö‡∏≠‡∏£‡πå‡∏î ‡∏™‡∏¥‡∏ô‡∏Ñ‡πâ‡∏≤‡∏ñ‡πà‡∏≤‡∏¢‡∏à‡∏≤‡∏Å‡∏á‡∏≤‡∏ô‡∏à‡∏£‡∏¥‡∏á üíØ% ‡∏Ñ‡∏µ‡∏¢‡πå‡∏ö‡∏≠‡∏£‡πå‡∏î‡∏ö‡∏•‡∏π‡∏ó‡∏π‡∏ò ‡πÅ‡∏ö‡∏ö‡πÑ‡∏£‡πâ‡∏™‡∏≤‡∏¢ - Mode 5 . 1 ‡∏Ñ‡∏µ‡∏¢‡πå‡∏†‡∏≤‡∏©‡∏≤‡πÑ‡∏ó‡∏¢,"‡∏ø3,150.00",67 ‡∏ä‡∏¥‡πâ‡∏ô
https://www.lazada.co.th/products/keychron-k1-se-mac-windows-i3983876265.html,Keychron K1 SE ‡πÅ‡∏™‡∏á‡πÑ‡∏ü‡∏™‡∏µ‡∏Ç‡∏≤‡∏ß‡∏£‡∏≤‡∏¢‡∏•‡∏∞‡πÄ‡∏≠‡∏µ‡∏¢‡∏î‡∏ï‡πà‡∏≥‡∏≠‡∏≠‡∏õ‡∏ï‡∏¥‡∏Ñ‡∏≠‡∏•‡∏™‡∏ß‡∏¥‡∏ó‡∏ä‡πå‡∏£‡πâ‡∏≠‡∏ô‡∏ñ‡∏≠‡∏î‡πÄ‡∏õ‡∏•‡∏µ‡πà‡∏¢‡∏ô‡πÑ‡∏î‡πâ‡∏Ñ‡∏µ‡∏¢‡πå‡∏ö‡∏≠‡∏£‡πå‡∏î‡πÑ‡∏£‡πâ‡∏™‡∏≤‡∏¢‡∏Å‡∏•‡∏™‡∏≥‡∏´‡∏£‡∏±‡∏ö Mac Windows,"‡∏ø3,299.00",
https://www.lazada.co.th/products/keychron-k7-gateron-mac-windows-i3586882702.html,Keychron K7‡∏Ñ‡∏µ‡∏¢‡πå‡∏ö‡∏≠‡∏£‡πå‡∏î‡∏Å‡∏•‡πÑ‡∏Å‡πÑ‡∏£‡πâ‡∏™‡∏≤‡∏¢‡∏ö‡∏≤‡∏á‡πÄ‡∏â‡∏µ‡∏¢‡∏ö‡∏™‡∏ß‡∏¥‡∏ï‡∏ä‡πå Gateron ‡∏£‡∏≤‡∏¢‡∏•‡∏∞‡πÄ‡∏≠‡∏µ‡∏¢‡∏î‡∏ï‡πà‡∏≥‡πÑ‡∏ü‡πÅ‡∏ö‡πá‡∏Ñ‡πÑ‡∏•‡∏ó‡πå‡πÄ‡∏õ‡∏¥‡∏î‡πÑ‡∏î‡πâ‡∏™‡∏≥‡∏´‡∏£‡∏±‡∏ö Mac Windows,"‡∏ø3,299.00",
https://www.lazada.co.th/products/keychron-k4-g-v2-w-backlight-hot-swappable-switch-usb-i2412187148.html,Keychron K4 G V2‡∏ö‡∏•‡∏π‡∏ó‡∏π‡∏ò‡πÑ‡∏£‡πâ‡∏™‡∏≤‡∏¢‡∏Ñ‡∏µ‡∏¢‡πå‡∏ö‡∏≠‡∏£‡πå‡∏î‡πÅ‡∏ö‡∏ö‡∏Å‡∏•‡πÑ‡∏Å W/‡∏™‡∏µ‡∏Ç‡∏≤‡∏ß Backlight Hot-Swappable Switch ‡∏Å‡∏≤‡∏£‡πÄ‡∏•‡πà‡∏ô‡πÄ‡∏Å‡∏° USB ‡πÅ‡∏ö‡∏ö‡∏°‡∏µ‡∏™‡∏≤‡∏¢‡πÅ‡∏õ‡πâ‡∏ô‡∏û‡∏¥‡∏°‡∏û‡πå,"‡∏ø3,599.00",
https://www.lazada.co.th/products/keychron-k4-v2-mode-5-1-i3592149430.html,Keychron K4 V2  ‡πÄ‡∏≠‡∏ü‡πÄ‡∏ü‡∏Å‡∏ï‡πå‡πÅ‡∏™‡∏á‡∏´‡∏•‡∏≤‡∏¢‡πÇ‡∏´‡∏°‡∏î‡πÅ‡∏ö‡∏ö‡∏Ñ‡∏π‡πà ‡∏Ñ‡∏µ‡∏¢‡πå‡∏ö‡∏≠‡∏£‡πå‡∏î‡∏ö‡∏•‡∏π‡∏ó‡∏π‡∏ò ‡πÅ‡∏ö‡∏ö‡πÑ‡∏£‡πâ‡∏™‡∏≤‡∏¢ - Mode 5 . 1  ‡∏Ç‡∏≠‡∏á‡πÉ‡∏´‡∏°‡πà‡πÅ‡∏ó‡πâüíØ%,"‡∏ø3,150.00",139 ‡∏ä‡∏¥‡πâ‡∏ô
https://www.lazada.co.th/products/keychron-k10-wireless-mechanical-keyboard-silent-red-switch-thai-100-i4376251710.html,Keychron K10 Wireless Mechanical Keyboard (Silent Red Switch) Thai (‡∏Ñ‡∏µ‡∏¢‡πå‡∏ö‡∏≠‡∏£‡πå‡∏î‡πÑ‡∏£‡πâ‡∏™‡∏≤‡∏¢‡∏†‡∏≤‡∏©‡∏≤‡πÑ‡∏ó‡∏¢‡∏Ç‡∏ô‡∏≤‡∏î 100%),"‡∏ø4,390.00",
https://www.lazada.co.th/products/keychron-k2-axz-v2-wgateron-g-pro-switch-led-backlight-84-key-b-i4265241653.html,Keychron K2 AXZ V2‡∏ö‡∏•‡∏π‡∏ó‡∏π‡∏ò‡∏Ñ‡∏µ‡∏¢‡πå‡∏ö‡∏≠‡∏£‡πå‡∏î W/gateron G Pro Switch/ ‡∏™‡∏µ‡∏Ç‡∏≤‡∏ß LED Backlight 84-Key ‡∏£‡∏∏‡πà‡∏ô B,"‡∏ø4,293.00",
https://www.lazada.co.th/products/keychron-k2-c-v2-usb-84-rgb-n-key-i4265197739.html,Keychron K2 C V2‡πÑ‡∏£‡πâ‡∏™‡∏≤‡∏¢‡∏ö‡∏•‡∏π‡∏ó‡∏π‡∏ò USB ‡∏ß‡∏¥‡∏®‡∏ß‡∏Å‡∏£‡∏£‡∏°‡πÅ‡∏õ‡πâ‡∏ô‡∏û‡∏¥‡∏°‡∏û‡πå‡∏≠‡∏•‡∏π‡∏°‡∏¥‡πÄ‡∏ô‡∏µ‡∏¢‡∏°‡∏Å‡∏£‡∏≠‡∏ö‡∏Ç‡∏ô‡∏≤‡∏î‡∏Å‡∏∞‡∏ó‡∏±‡∏î‡∏£‡∏±‡∏î84‡∏Ñ‡∏µ‡∏¢‡πå RGB ‡πÅ‡∏™‡∏á‡πÑ‡∏ü N-Key ‡πÅ‡∏ö‡∏ö‡πÇ‡∏£‡∏•‡πÇ‡∏≠‡πÄ‡∏ß‡∏≠‡∏£‡πå,"‡∏ø5,380.00",
https://www.lazada.co.th/products/keychron-k3-ultra-slim-wireless-mechanical-low-profile-keyboard-optical-hot-swappable-switch-backlit-mac-windows-i3918269158.html,Keychron K3 Ultra-Slim Wireless Mechanical Low Profile Keyboard Optical Hot-Swappable Switch Backlit ‡∏™‡∏µ‡∏Ç‡∏≤‡∏ß‡∏™‡∏≥‡∏´‡∏£‡∏±‡∏ö Mac Windows,"‡∏ø2,517.00",
https://www.lazada.co.th/products/in-stock-keychron-k2-v2-hot-swappable-84-gift-gift-i2690132532.html,„Äê‡πÅ‡∏õ‡πâ‡∏ô‡∏û‡∏¥‡∏°‡∏û‡πå„Äë [in stock] Keychron K2 V2 (Hot-Swappable) ‡∏Ñ‡∏µ‡∏¢‡πå‡∏ö‡∏≠‡∏£‡πå‡∏î‡∏ö‡∏•‡∏π‡∏ó‡∏π‡∏ò‡πÑ‡∏£‡πâ‡∏™‡∏≤‡∏¢ 84 ‡∏õ‡∏∏‡πà‡∏°‡πÅ‡∏ö‡∏ï‡πÄ‡∏ï‡∏≠‡∏£‡∏µ‡πà‡∏¢‡∏≤‡∏ß‡∏ä‡∏µ‡∏ß‡∏¥‡∏ï‡πÅ‡∏•‡∏∞‡πÑ‡∏£‡πâ‡∏™‡∏≤‡∏¢ gift gift,"‡∏ø4,068.00",
https://www.lazada.co.th/products/keychron-keyboard-wooden-hand-rest-suitable-for-k2-k6k3k4k8-c1c2-wrist-rest-high-quality-walnut-i2689682975.html,„Äê‡πÅ‡∏õ‡πâ‡∏ô‡∏û‡∏¥‡∏°‡∏û‡πå„Äë Keychron keyboard wooden hand rest suitable for K2 K6K3K4K8 C1C2 wrist rest high-quality walnut,‡∏ø909.00,
https://www.lazada.co.th/products/keychron-k2-v2-i4232827360.html,[‡∏õ‡∏£‡∏∞‡∏Å‡∏±‡∏ô‡πÑ‡∏ó‡∏¢] Keychron K2 V2 ‡∏Ñ‡∏µ‡∏¢‡πå‡∏ö‡∏≠‡∏£‡πå‡∏î‡πÑ‡∏£‡πâ‡∏™‡∏≤‡∏¢ - ‡∏£‡∏∞‡∏ö‡∏ö‡∏¢‡πâ‡∏≠‡∏ô‡πÅ‡∏™‡∏á,"‡∏ø4,631.00",
https://www.lazada.co.th/products/keychron-k2-v2-84-i4232837257.html,[‡∏û‡∏£‡πâ‡∏≠‡∏°‡∏™‡πà‡∏á] Keychron K2 V2 ‡∏Ñ‡∏µ‡∏¢‡πå‡∏ö‡∏≠‡∏£‡πå‡∏î‡∏ö‡∏•‡∏π‡∏ó‡∏π‡∏ò‡πÑ‡∏£‡πâ‡∏™‡∏≤‡∏¢ 84 ‡∏Ñ‡∏µ‡∏¢‡πå,"‡∏ø5,543.00",
https://www.lazada.co.th/products/keychron-k2-axz-v2-wgateron-g-pro-switch-led-backlight-84-key-b-i4153110240.html,Keychron K2 AXZ V2‡∏ö‡∏•‡∏π‡∏ó‡∏π‡∏ò‡∏Ñ‡∏µ‡∏¢‡πå‡∏ö‡∏≠‡∏£‡πå‡∏î W/gateron G Pro Switch/ ‡∏™‡∏µ‡∏Ç‡∏≤‡∏ß LED Backlight 84-Key ‡∏£‡∏∏‡πà‡∏ô B,"‡∏ø5,940.00",
https://www.lazada.co.th/products/keychron-k2-v2-wgateron-g-pro-switch-led-backlit-84-key-mac-windows-i4153052382.html,Keychron K2 V2‡∏ö‡∏•‡∏π‡∏ó‡∏π‡∏ò‡πÑ‡∏£‡πâ‡∏™‡∏≤‡∏¢‡∏Ñ‡∏µ‡∏¢‡πå‡∏ö‡∏≠‡∏£‡πå‡∏î W/gateron G Pro Switch LED ‡∏™‡∏µ‡∏Ç‡∏≤‡∏ß Backlit 84-Key ‡∏™‡∏≥‡∏´‡∏£‡∏±‡∏ö Mac Windows,"‡∏ø5,243.00",
https://www.lazada.co.th/products/keychron-k2-axh-84-gateron-hot-swappable-switch-led-backlit-i4152932884.html,Keychron K2 AXH ‡∏ö‡∏•‡∏π‡∏ó‡∏π‡∏ò‡πÑ‡∏£‡πâ‡∏™‡∏≤‡∏¢‡∏Ñ‡∏µ‡∏¢‡πå‡∏ö‡∏≠‡∏£‡πå‡∏î84‡∏Ñ‡∏µ‡∏¢‡πå Gateron Hot-Swappable Switch LED ‡∏™‡∏µ‡∏Ç‡∏≤‡∏ß Backlit,"‡∏ø6,509.00",
https://www.lazada.co.th/products/key-k2-v284-rgb-backlight-windows-i2752925304.html,Key‡∏õ‡∏∏‡∏¢ K2 V2‡∏Ñ‡∏µ‡∏¢‡πå‡∏ö‡∏≠‡∏£‡πå‡∏î‡∏ö‡∏•‡∏π‡∏ó‡∏π‡∏ò‡πÑ‡∏£‡πâ‡∏™‡∏≤‡∏¢‡πÅ‡∏ö‡∏ö‡πÄ‡∏°‡∏Ñ‡∏Ñ‡∏≤‡∏ô‡∏¥‡πÄ‡∏Ñ‡∏¥‡∏•‡∏Ç‡∏≤‡∏¢‡∏î‡∏µ‡∏Ñ‡∏µ‡∏¢‡πå‡∏ö‡∏≠‡∏£‡πå‡∏î‡∏Ç‡∏ô‡∏≤‡∏î‡∏Å‡∏∞‡∏ó‡∏±‡∏î‡∏£‡∏±‡∏î84‡∏Ñ‡∏µ‡∏¢‡πå‡∏Ñ‡∏µ‡∏¢‡πå‡∏ö‡∏≠‡∏£‡πå‡∏î‡πÄ‡∏•‡πà‡∏ô‡πÄ‡∏Å‡∏° RGB Backlight ‡∏™‡∏≥‡∏´‡∏£‡∏±‡∏ö Windows,"‡∏ø2,560.00",29 ‡∏ä‡∏¥‡πâ‡∏ô
https://www.lazada.co.th/products/keychron-k2k4k6k8-i2583881962.html,Keychron ‡∏Ñ‡∏µ‡∏¢‡πå‡∏ö‡∏≠‡∏£‡πå‡∏î‡∏ß‡∏≠‡∏•‡∏ô‡∏±‡∏ó‡πÅ‡∏ú‡πà‡∏ô‡∏£‡∏≠‡∏á‡∏°‡∏∑‡∏≠‡∏™‡∏≥‡∏´‡∏£‡∏±‡∏ö‡∏Ñ‡∏µ‡∏¢‡πå‡∏ö‡∏≠‡∏£‡πå‡∏î‡∏™‡∏≤‡∏¢‡∏£‡∏±‡∏î‡∏Ç‡πâ‡∏≠‡∏°‡∏∑‡∏≠‡∏™‡∏≤‡∏¢‡∏£‡∏±‡∏î‡∏Ç‡πâ‡∏≠‡∏°‡∏∑‡∏≠‡πÑ‡∏°‡πâ‡πÄ‡∏´‡∏°‡∏≤‡∏∞‡∏™‡∏≥‡∏´‡∏£‡∏±‡∏ö K2/K4/K6/K8,‡∏ø467.52,308 ‡∏ä‡∏¥‡πâ‡∏ô
https://www.lazada.co.th/products/keychron-k2-wireless-keyboard-non-hotswap-75-i2830032718.html,Keychron K2 Wireless Keyboard Non hotswap (‡∏Ñ‡∏µ‡∏¢‡πå‡∏ö‡∏≠‡∏£‡πå‡∏î‡πÑ‡∏£‡πâ‡∏™‡∏≤‡∏¢‡πÅ‡∏ö‡∏ö‡∏ö‡∏±‡∏î‡∏Å‡∏£‡∏µ 75%),"‡∏ø3,590.00",88 ‡∏ä‡∏¥‡πâ‡∏ô
https://www.lazada.co.th/products/keychron-keycap-set-pbt-k2q1-oemxda-profile-dye-sub-retro-thai-k2q1-i3474092554.html,"Keychron Keycap Set PBT K2/Q1 OEM,XDA Profile Dye-Sub  - Retro Thai ‡∏Ñ‡∏µ‡∏¢‡πå‡∏Ñ‡∏£‡∏≠‡∏ô ‡∏õ‡∏∏‡πà‡∏°‡∏Ñ‡∏µ‡∏¢‡πå‡πÅ‡∏Ñ‡∏õ‡∏†‡∏≤‡∏©‡∏≤‡πÑ‡∏ó‡∏¢ ‡∏™‡∏≥‡∏´‡∏£‡∏±‡∏ö‡∏Ñ‡∏µ‡∏¢‡πå‡∏ö‡∏≠‡∏£‡πå‡∏î‡∏£‡∏∏‡πà‡∏ô K2/Q1","‡∏ø1,590.00",53 ‡∏ä‡∏¥‡πâ‡∏ô
https://www.lazada.co.th/products/keychron-keycap-set-pbt-k2k6k4k8-oem-profile-dye-sub-retro-engthai-i3083389385.html,"Keychron Keycap Set PBT K2,K6,K4,K8 OEM Profile Dye-Sub - Retro ENG,Thai ‡∏Ñ‡∏µ‡∏¢‡πå‡∏Ñ‡∏£‡∏≠‡∏ô ‡∏õ‡∏∏‡πà‡∏°‡∏Ñ‡∏µ‡∏¢‡πå‡πÅ‡∏Ñ‡∏õ‡∏†‡∏≤‡∏©‡∏≤‡∏≠‡∏±‡∏á‡∏Å‡∏§‡∏©,‡πÑ‡∏ó‡∏¢ ‡∏™‡∏≥‡∏´‡∏£‡∏±‡∏ö‡∏Ñ‡∏µ‡∏¢‡πå‡∏ö‡∏≠‡∏£‡πå‡∏î","‡∏ø1,590.00",31 ‡∏ä‡∏¥‡πâ‡∏ô
https://www.lazada.co.th/products/keychron-k2-non-backlight-75-84-c-mac-windows-i3671311200.html,Keychron K2 Non-Backlight ‡∏Å‡∏£‡∏≠‡∏ö‡∏≠‡∏•‡∏π‡∏°‡∏¥‡πÄ‡∏ô‡∏µ‡∏¢‡∏°75% ‡πÄ‡∏Ñ‡πâ‡∏≤‡πÇ‡∏Ñ‡∏£‡∏á84‡∏õ‡∏∏‡πà‡∏°‡πÑ‡∏£‡πâ‡∏™‡∏≤‡∏¢‡∏´‡∏•‡∏≤‡∏¢‡∏õ‡∏£‡∏∞‡πÄ‡∏†‡∏ó-C ‡∏Ñ‡∏µ‡∏¢‡πå‡∏ö‡∏≠‡∏£‡πå‡∏î‡∏™‡∏≥‡∏´‡∏£‡∏±‡∏ö Mac Windows,"‡∏ø2,799.00",6 ‡∏ä‡∏¥‡πâ‡∏ô
https://www.lazada.co.th/products/keychron-k2v2-k2-hotswap-rgb-key-eng-mechanical-keyboard-wireless-100-i3082026133.html,Keychron K2V2 K2 hotswap RGB (Key ENG) Mechanical Keyboard ‡∏Ñ‡∏µ‡∏¢‡πå‡∏ö‡∏≠‡∏£‡πå‡∏î‡πÑ‡∏£‡πâ‡∏™‡∏≤‡∏¢ Wireless ‡πÅ‡∏ó‡πâ100% ‡∏ñ‡∏π‡∏Å‡∏™‡∏∏‡∏î‡πÉ‡∏ô‡πÇ‡∏•‡∏Å,"‡∏ø3,690.00",17 ‡∏ä‡∏¥‡πâ‡∏ô
https://www.lazada.co.th/products/keychron-k2-v2-rgb-i3592001900.html,Keychron K2 V2 RGB  ‡∏Ñ‡∏µ‡∏¢‡πå‡∏ö‡∏≠‡∏£‡πå‡∏î‡πÑ‡∏£‡πâ‡∏™‡∏≤‡∏¢ - ‡∏£‡∏∞‡∏ö‡∏ö‡∏¢‡πâ‡∏≠‡∏ô‡πÅ‡∏™‡∏á ‡∏Ç‡∏≠‡∏á‡πÉ‡∏´‡∏°‡πà‡πÅ‡∏ó‡πâüíØ%,"‡∏ø3,210.00",118 ‡∏ä‡∏¥‡πâ‡∏ô
https://www.lazada.co.th/products/in-stock-keychron-k2-v2-rgb-i3402355863.html,[‡∏õ‡∏£‡∏∞‡∏Å‡∏±‡∏ô‡πÑ‡∏ó‡∏¢] [in stock] Keychron K2 V2 RGB ‡∏Ñ‡∏µ‡∏¢‡πå‡∏ö‡∏≠‡∏£‡πå‡∏î ‡∏™‡∏¥‡∏ô‡∏Ñ‡πâ‡∏≤‡∏ñ‡πà‡∏≤‡∏¢‡∏à‡∏≤‡∏Å‡∏á‡∏≤‡∏ô‡∏à‡∏£‡∏¥‡∏á üíØ% ‡∏Ñ‡∏µ‡∏¢‡πå‡∏ö‡∏≠‡∏£‡πå‡∏î‡πÑ‡∏£‡πâ‡∏™‡∏≤‡∏¢ - ‡∏£‡∏∞‡∏ö‡∏ö‡∏¢‡πâ‡∏≠‡∏ô‡πÅ‡∏™‡∏á,"‡∏ø3,250.00",97 ‡∏ä‡∏¥‡πâ‡∏ô
https://www.lazada.co.th/products/100keychron-k2-v2-rgb-mechanical-keyboard-i4020174517.html,„Äê‡∏û‡∏£‡πâ‡∏≠‡∏°‡∏™‡πà‡∏á‡∏Ç‡∏≠‡∏á‡πÅ‡∏ó‡πâ100%„ÄëKeychron K2 V2 RGB ‡∏Ñ‡∏µ‡∏¢‡πå‡∏ö‡∏≠‡∏£‡πå‡∏î Mechanical Keyboard ‡∏Ñ‡∏µ‡∏¢‡πå‡∏ö‡∏≠‡∏£‡πå‡∏î‡πÑ‡∏£‡πâ‡∏™‡∏≤‡∏¢ - ‡∏£‡∏∞‡∏ö‡∏ö‡∏¢‡πâ‡∏≠‡∏ô‡πÅ‡∏™‡∏á,"‡∏ø3,050.00",61 ‡∏ä‡∏¥‡πâ‡∏ô
https://www.lazada.co.th/products/100keychron-k2-v2-rgb-mechanical-keyboard-i3875066464.html,„Äê‡∏û‡∏£‡πâ‡∏≠‡∏°‡∏™‡πà‡∏á‡∏Ç‡∏≠‡∏á‡πÅ‡∏ó‡πâ100%„ÄëKeychron K2 V2 RGB ‡∏Ñ‡∏µ‡∏¢‡πå‡∏ö‡∏≠‡∏£‡πå‡∏î Mechanical Keyboard ‡∏Ñ‡∏µ‡∏¢‡πå‡∏ö‡∏≠‡∏£‡πå‡∏î‡πÑ‡∏£‡πâ‡∏™‡∏≤‡∏¢ - ‡∏£‡∏∞‡∏ö‡∏ö‡∏¢‡πâ‡∏≠‡∏ô‡πÅ‡∏™‡∏á,"‡∏ø3,049.00",32 ‡∏ä‡∏¥‡πâ‡∏ô
https://www.lazada.co.th/products/keychron-k2-gateron-g-pro-switch-led-backlit-84-key-mac-windows-i4251272246.html,Keychron K2‡∏ö‡∏•‡∏π‡∏ó‡∏π‡∏ò‡∏Ñ‡∏µ‡∏¢‡πå‡∏ö‡∏≠‡∏£‡πå‡∏î‡πÑ‡∏£‡πâ‡∏™‡∏≤‡∏¢ Gateron G Pro Switch LED ‡∏™‡∏µ‡∏Ç‡∏≤‡∏ß Backlit 84-Key ‡∏™‡∏≥‡∏´‡∏£‡∏±‡∏ö Mac Windows,"‡∏ø2,026.00",
https://www.lazada.co.th/products/key-k2-v284-rgb-backlight-windows-i2752574310.html,Key‡∏õ‡∏∏‡∏¢ K2 V2‡∏Ñ‡∏µ‡∏¢‡πå‡∏ö‡∏≠‡∏£‡πå‡∏î‡∏ö‡∏•‡∏π‡∏ó‡∏π‡∏ò‡πÑ‡∏£‡πâ‡∏™‡∏≤‡∏¢‡πÅ‡∏ö‡∏ö‡πÄ‡∏°‡∏Ñ‡∏Ñ‡∏≤‡∏ô‡∏¥‡πÄ‡∏Ñ‡∏¥‡∏•‡∏Ç‡∏≤‡∏¢‡∏î‡∏µ‡∏Ñ‡∏µ‡∏¢‡πå‡∏ö‡∏≠‡∏£‡πå‡∏î‡∏Ç‡∏ô‡∏≤‡∏î‡∏Å‡∏∞‡∏ó‡∏±‡∏î‡∏£‡∏±‡∏î84‡∏Ñ‡∏µ‡∏¢‡πå‡∏Ñ‡∏µ‡∏¢‡πå‡∏ö‡∏≠‡∏£‡πå‡∏î‡πÄ‡∏•‡πà‡∏ô‡πÄ‡∏Å‡∏° RGB Backlight ‡∏™‡∏≥‡∏´‡∏£‡∏±‡∏ö Windows,"‡∏ø3,390.00",
https://www.lazada.co.th/products/cod-keychron-k2-k6-k10-key-eng-i3497417193.html,‡∏°‡∏µ COD üü¢ Keychron K2 / K6 / K10 (Key Eng ‡∏ü‡∏£‡∏µ‡∏™‡∏ï‡∏¥‡πä‡∏Å‡πÄ‡∏Å‡∏≠‡∏£‡πå‡∏Ñ‡∏µ‡∏¢‡πå‡∏ö‡∏≠‡∏£‡πå‡∏î‡πÑ‡∏ó‡∏¢ ‡∏°‡∏µ‡∏™‡∏¥‡∏ô‡∏Ñ‡πâ‡∏≤‡∏£‡∏≤‡∏Ñ‡∏≤‡∏£‡∏ß‡∏°‡∏™‡πà‡∏á)‚Äã,"‡∏ø2,888.00",22 ‡∏ä‡∏¥‡πâ‡∏ô
https://www.lazada.co.th/products/in-stock-keychron-k2-v2-hot-swappable-84-gift-gift-i2690132532.html,„Äê‡πÅ‡∏õ‡πâ‡∏ô‡∏û‡∏¥‡∏°‡∏û‡πå„Äë [in stock] Keychron K2 V2 (Hot-Swappable) ‡∏Ñ‡∏µ‡∏¢‡πå‡∏ö‡∏≠‡∏£‡πå‡∏î‡∏ö‡∏•‡∏π‡∏ó‡∏π‡∏ò‡πÑ‡∏£‡πâ‡∏™‡∏≤‡∏¢ 84 ‡∏õ‡∏∏‡πà‡∏°‡πÅ‡∏ö‡∏ï‡πÄ‡∏ï‡∏≠‡∏£‡∏µ‡πà‡∏¢‡∏≤‡∏ß‡∏ä‡∏µ‡∏ß‡∏¥‡∏ï‡πÅ‡∏•‡∏∞‡πÑ‡∏£‡πâ‡∏™‡∏≤‡∏¢ gift gift,"‡∏ø4,068.00",
https://www.lazada.co.th/products/keychron-k2-axz-v2-wgateron-g-pro-switch-led-backlight-84-key-b-i4265241653.html,Keychron K2 AXZ V2‡∏ö‡∏•‡∏π‡∏ó‡∏π‡∏ò‡∏Ñ‡∏µ‡∏¢‡πå‡∏ö‡∏≠‡∏£‡πå‡∏î W/gateron G Pro Switch/ ‡∏™‡∏µ‡∏Ç‡∏≤‡∏ß LED Backlight 84-Key ‡∏£‡∏∏‡πà‡∏ô B,"‡∏ø4,293.00",
https://www.lazada.co.th/products/keychron-k2-c-v2-usb-84-rgb-n-key-i4265197739.html,Keychron K2 C V2‡πÑ‡∏£‡πâ‡∏™‡∏≤‡∏¢‡∏ö‡∏•‡∏π‡∏ó‡∏π‡∏ò USB ‡∏ß‡∏¥‡∏®‡∏ß‡∏Å‡∏£‡∏£‡∏°‡πÅ‡∏õ‡πâ‡∏ô‡∏û‡∏¥‡∏°‡∏û‡πå‡∏≠‡∏•‡∏π‡∏°‡∏¥‡πÄ‡∏ô‡∏µ‡∏¢‡∏°‡∏Å‡∏£‡∏≠‡∏ö‡∏Ç‡∏ô‡∏≤‡∏î‡∏Å‡∏∞‡∏ó‡∏±‡∏î‡∏£‡∏±‡∏î84‡∏Ñ‡∏µ‡∏¢‡πå RGB ‡πÅ‡∏™‡∏á‡πÑ‡∏ü N-Key ‡πÅ‡∏ö‡∏ö‡πÇ‡∏£‡∏•‡πÇ‡∏≠‡πÄ‡∏ß‡∏≠‡∏£‡πå,"‡∏ø5,380.00",
https://www.lazada.co.th/products/keychron-k2-v2-84-i4232837257.html,[‡∏û‡∏£‡πâ‡∏≠‡∏°‡∏™‡πà‡∏á] Keychron K2 V2 ‡∏Ñ‡∏µ‡∏¢‡πå‡∏ö‡∏≠‡∏£‡πå‡∏î‡∏ö‡∏•‡∏π‡∏ó‡∏π‡∏ò‡πÑ‡∏£‡πâ‡∏™‡∏≤‡∏¢ 84 ‡∏Ñ‡∏µ‡∏¢‡πå,"‡∏ø5,543.00",
https://www.lazada.co.th/products/keychron-keyboard-wooden-hand-rest-suitable-for-k2-k6k3k4k8-c1c2-wrist-rest-high-quality-walnut-i2689682975.html,„Äê‡πÅ‡∏õ‡πâ‡∏ô‡∏û‡∏¥‡∏°‡∏û‡πå„Äë Keychron keyboard wooden hand rest suitable for K2 K6K3K4K8 C1C2 wrist rest high-quality walnut,‡∏ø909.00,
https://www.lazada.co.th/products/keychron-k2-v2-i4232827360.html,[‡∏õ‡∏£‡∏∞‡∏Å‡∏±‡∏ô‡πÑ‡∏ó‡∏¢] Keychron K2 V2 ‡∏Ñ‡∏µ‡∏¢‡πå‡∏ö‡∏≠‡∏£‡πå‡∏î‡πÑ‡∏£‡πâ‡∏™‡∏≤‡∏¢ - ‡∏£‡∏∞‡∏ö‡∏ö‡∏¢‡πâ‡∏≠‡∏ô‡πÅ‡∏™‡∏á,"‡∏ø4,631.00",
https://www.lazada.co.th/products/keychron-k2-axz-v2-wgateron-g-pro-switch-led-backlight-84-key-b-i4153110240.html,Keychron K2 AXZ V2‡∏ö‡∏•‡∏π‡∏ó‡∏π‡∏ò‡∏Ñ‡∏µ‡∏¢‡πå‡∏ö‡∏≠‡∏£‡πå‡∏î W/gateron G Pro Switch/ ‡∏™‡∏µ‡∏Ç‡∏≤‡∏ß LED Backlight 84-Key ‡∏£‡∏∏‡πà‡∏ô B,"‡∏ø5,940.00",
https://www.lazada.co.th/products/keychron-k2-v2-wgateron-g-pro-switch-led-backlit-84-key-mac-windows-i4153052382.html,Keychron K2 V2‡∏ö‡∏•‡∏π‡∏ó‡∏π‡∏ò‡πÑ‡∏£‡πâ‡∏™‡∏≤‡∏¢‡∏Ñ‡∏µ‡∏¢‡πå‡∏ö‡∏≠‡∏£‡πå‡∏î W/gateron G Pro Switch LED ‡∏™‡∏µ‡∏Ç‡∏≤‡∏ß Backlit 84-Key ‡∏™‡∏≥‡∏´‡∏£‡∏±‡∏ö Mac Windows,"‡∏ø5,243.00",
https://www.lazada.co.th/products/keychron-k2-axh-84-gateron-hot-swappable-switch-led-backlit-i4152932884.html,Keychron K2 AXH ‡∏ö‡∏•‡∏π‡∏ó‡∏π‡∏ò‡πÑ‡∏£‡πâ‡∏™‡∏≤‡∏¢‡∏Ñ‡∏µ‡∏¢‡πå‡∏ö‡∏≠‡∏£‡πå‡∏î84‡∏Ñ‡∏µ‡∏¢‡πå Gateron Hot-Swappable Switch LED ‡∏™‡∏µ‡∏Ç‡∏≤‡∏ß Backlit,"‡∏ø6,509.00",
https://www.lazada.co.th/products/keychron-iso-q1-k2-oem-dye-sub-pbt-keycap-set-i3959415477.html,Keychron ISO Q1‡πÅ‡∏•‡∏∞ K2 OEM Dye-Sub PBT Keycap Set-‡∏™‡∏µ‡∏ü‡πâ‡∏≤,"‡∏ø2,304.00",
https://www.lazada.co.th/products/keychron-k2-v2-84-i4357655934.html,[‡∏û‡∏£‡πâ‡∏≠‡∏°‡∏™‡πà‡∏á] Keychron K2 V2 ‡∏Ñ‡∏µ‡∏¢‡πå‡∏ö‡∏≠‡∏£‡πå‡∏î‡∏ö‡∏•‡∏π‡∏ó‡∏π‡∏ò‡πÑ‡∏£‡πâ‡∏™‡∏≤‡∏¢ 84 ‡∏Ñ‡∏µ‡∏¢‡πå,"‡∏ø5,756.00",
https://www.lazada.co.th/products/original-keychron-k2-v2-winmac-75-layoutrgb-gateron-i4155303838.html,"Original Keychron K2 V2‡∏Ñ‡∏µ‡∏¢‡πå‡∏ö‡∏≠‡∏£‡πå‡∏î‡∏™‡∏≥‡∏´‡∏£‡∏±‡∏ö Win/mac (75% Layout,‡πÅ‡∏ö‡∏ö‡∏°‡∏µ‡∏™‡∏≤‡∏¢/‡∏ö‡∏•‡∏π‡∏ó‡∏π‡∏ò,RGB, Gateron)","‡∏ø2,490.00",
https://www.lazada.co.th/products/original-keychron-k2-winmac-75-rgb-gateron-hot-swap-i4155474318.html,"Original Keychron K2‡∏Ñ‡∏µ‡∏¢‡πå‡∏ö‡∏≠‡∏£‡πå‡∏î‡∏™‡∏≥‡∏´‡∏£‡∏±‡∏ö Win/mac (75% ‡∏£‡∏π‡∏õ‡πÅ‡∏ö‡∏ö,‡πÅ‡∏ö‡∏ö‡∏°‡∏µ‡∏™‡∏≤‡∏¢/‡∏ö‡∏•‡∏π‡∏ó‡∏π‡∏ò,RGB, Gateron, Hot-Swap,‡∏≠‡∏•‡∏π‡∏°‡∏¥‡πÄ‡∏ô‡∏µ‡∏¢‡∏°)","‡∏ø3,190.00",
https://www.lazada.co.th/products/k2-keychron-winmac-75rgb-gateron-hot-swap-i4155445347.html,"‡∏Ñ‡∏µ‡∏¢‡πå‡∏ö‡∏≠‡∏£‡πå‡∏î‡πÄ‡∏Ñ‡∏£‡∏∑‡πà‡∏≠‡∏á‡∏Å‡∏• K2 Keychron ‡∏î‡∏±‡πâ‡∏á‡πÄ‡∏î‡∏¥‡∏°‡∏™‡∏≥‡∏´‡∏£‡∏±‡∏ö Win/mac (‡πÄ‡∏Ñ‡πâ‡∏≤‡πÇ‡∏Ñ‡∏£‡∏á75%,‡πÅ‡∏ö‡∏ö‡∏°‡∏µ‡∏™‡∏≤‡∏¢/‡∏ö‡∏•‡∏π‡∏ó‡∏π‡∏ò,RGB, Gateron, Hot-Swap)","‡∏ø2,890.00",
https://www.lazada.co.th/products/k2-keychron-winmac-75-led-gateron-hot-swap-i4155353753.html,"‡∏Ñ‡∏µ‡∏¢‡πå‡∏ö‡∏≠‡∏£‡πå‡∏î‡πÄ‡∏Ñ‡∏£‡∏∑‡πà‡∏≠‡∏á‡∏Å‡∏• K2 Keychron ‡∏î‡∏±‡πâ‡∏á‡πÄ‡∏î‡∏¥‡∏°‡∏™‡∏≥‡∏´‡∏£‡∏±‡∏ö Win/mac (‡πÄ‡∏Ñ‡πâ‡∏≤‡πÇ‡∏Ñ‡∏£‡∏á75%,‡∏°‡∏µ‡∏™‡∏≤‡∏¢/‡∏ö‡∏•‡∏π‡∏ó‡∏π‡∏ò,‡πÑ‡∏ü LED ‡∏™‡∏µ‡∏Ç‡∏≤‡∏ß,Gateron, Hot-Swap)","‡∏ø2,690.00",
https://www.lazada.co.th/products/key-k2-v2-backlightrgb-hot-swappable-i2769700410.html,Key‡∏õ‡∏∏‡∏¢ K2 V2‡∏Ñ‡∏µ‡∏¢‡πå‡∏ö‡∏≠‡∏£‡πå‡∏î‡∏ö‡∏•‡∏π‡∏ó‡∏π‡∏ò‡πÑ‡∏£‡πâ‡∏™‡∏≤‡∏¢‡∏™‡∏µ‡∏Ç‡∏≤‡∏ß Backlight/RGB Hot-Swappable ‡∏Å‡∏£‡∏≠‡∏ö‡∏≠‡∏•‡∏π‡∏°‡∏¥‡πÄ‡∏ô‡∏µ‡∏¢‡∏°,"‡∏ø3,925.00",
https://www.lazada.co.th/products/keychron-k2-75-84-type-c-mac-windows-i3671146592.html,"Keychron K2 75% ‡∏Ñ‡∏µ‡∏¢‡πå‡∏ö‡∏≠‡∏£‡πå‡∏î‡∏ö‡∏•‡∏π‡∏ó‡∏π‡∏ò‡πÑ‡∏£‡πâ‡∏™‡∏≤‡∏¢84‡∏õ‡∏∏‡πà‡∏°,‡∏Ñ‡∏µ‡∏¢‡πå‡∏ö‡∏≠‡∏£‡πå‡∏î‡∏™‡∏≥‡∏´‡∏£‡∏±‡∏ö‡πÄ‡∏•‡πà‡∏ô‡πÄ‡∏Å‡∏°‡πÅ‡∏ö‡∏ö‡∏°‡∏µ‡∏™‡∏≤‡∏¢ Type-C ‡∏™‡∏≥‡∏´‡∏£‡∏±‡∏ö Mac Windows","‡∏ø2,499.00",
https://www.lazada.co.th/products/keychron-k2-c-v2-usb-84-rgb-n-key-rollover-i2581799381.html,Keychron K2 C V2 USB ‡∏ö‡∏•‡∏π‡∏ó‡∏π‡∏ò‡πÑ‡∏£‡πâ‡∏™‡∏≤‡∏¢‡∏Ñ‡∏µ‡∏¢‡πå‡∏ö‡∏≠‡∏£‡πå‡∏î‡πÅ‡∏ö‡∏ö‡∏Å‡∏•‡πÑ‡∏Å‡πÄ‡∏Ñ‡∏™‡∏°‡∏∑‡∏≠‡∏ñ‡∏∑‡∏≠‡∏≠‡∏∞‡∏•‡∏π‡∏°‡∏¥‡πÄ‡∏ô‡∏µ‡∏¢‡∏°‡∏Ç‡∏ô‡∏≤‡∏î‡∏Å‡∏∞‡∏ó‡∏±‡∏î‡∏£‡∏±‡∏î84‡∏Ñ‡∏µ‡∏¢‡πå‡πÅ‡∏ö‡πá‡∏Ñ‡πÑ‡∏•‡∏ó‡πå RGB N-Key Rollover,"‡∏ø3,499.00",
https://www.lazada.co.th/products/keychron-k2-bxh-84-gateron-hot-swappable-switch-rgb-backlit-mac-windows-i2805247497.html,Keychron K2 BXH ‡∏ö‡∏•‡∏π‡∏ó‡∏π‡∏ò‡πÑ‡∏£‡πâ‡∏™‡∏≤‡∏¢‡∏Ñ‡∏µ‡∏¢‡πå‡∏ö‡∏≠‡∏£‡πå‡∏î‡πÅ‡∏ö‡∏ö‡∏Å‡∏•‡πÑ‡∏Å84 Gateron Hot-Swappable Switch ‡πÑ‡∏ü RGB Backlit ‡∏™‡∏≥‡∏´‡∏£‡∏±‡∏ö‡πÄ‡∏°‡∏≤‡∏™‡πå Mac Windows,"‡∏ø3,299.00",
https://www.lazada.co.th/products/keychron-k2-axh-84-gateron-hot-swappable-switch-led-backlit-i2468847478.html,Keychron K2 AXH ‡∏ö‡∏•‡∏π‡∏ó‡∏π‡∏ò‡πÑ‡∏£‡πâ‡∏™‡∏≤‡∏¢‡∏Ñ‡∏µ‡∏¢‡πå‡∏ö‡∏≠‡∏£‡πå‡∏î‡πÅ‡∏ö‡∏ö‡∏Å‡∏•‡πÑ‡∏Å84 Gateron Hot-Swappable Switch ‡∏™‡∏µ‡∏Ç‡∏≤‡∏ß LED Backlit,"‡∏ø3,199.00",
https://www.lazada.co.th/products/keychron-k2-a-v2-wgateron-led-backlit-84-mac-windows-i2391742642.html,Keychron K2 A V2‡∏ö‡∏•‡∏π‡∏ó‡∏π‡∏ò‡∏Ñ‡∏µ‡∏¢‡πå‡∏ö‡∏≠‡∏£‡πå‡∏î‡πÅ‡∏ö‡∏ö‡∏Å‡∏•‡πÑ‡∏Å W/Gateron ‡∏™‡∏ß‡∏¥‡∏ó‡∏ä‡πå‡∏™‡∏µ‡πÅ‡∏î‡∏á/‡∏™‡∏µ‡∏Ç‡∏≤‡∏ß LED Backlit 84‡∏Ñ‡∏µ‡∏¢‡πå‡πÅ‡∏õ‡πâ‡∏ô‡∏û‡∏¥‡∏°‡∏û‡πå‡πÑ‡∏£‡πâ‡∏™‡∏≤‡∏¢‡∏™‡∏≥‡∏´‡∏£‡∏±‡∏ö‡πÄ‡∏°‡∏≤‡∏™‡πå Mac Windows,"‡∏ø2,899.00",
https://www.lazada.co.th/products/keychron-k2-v284-gateron-hot-swappable-switch-rgb-backlit-i2805197769.html,Keychron K2 V2‡∏ö‡∏•‡∏π‡∏ó‡∏π‡∏ò‡πÑ‡∏£‡πâ‡∏™‡∏≤‡∏¢‡∏Ñ‡∏µ‡∏¢‡πå‡∏ö‡∏≠‡∏£‡πå‡∏î‡πÅ‡∏ö‡∏ö‡∏Å‡∏•‡πÑ‡∏Å84 Gateron Hot-Swappable Switch ‡πÑ‡∏ü RGB Backlit ‡πÄ‡∏Ñ‡∏™‡∏°‡∏∑‡∏≠‡∏ñ‡∏∑‡∏≠‡∏≠‡∏∞‡∏•‡∏π‡∏°‡∏¥‡πÄ‡∏ô‡∏µ‡∏¢‡∏°,"‡∏ø3,899.00",
https://www.lazada.co.th/products/keychron-oem-k2q1-i3671984322.html,Keychron ‡∏Ñ‡∏£‡∏¥‡∏™‡∏ï‡πå‡∏°‡∏≤‡∏™‡πÇ‡∏õ‡∏£‡πÑ‡∏ü‡∏•‡πå OEM ‡∏ä‡∏∏‡∏î‡∏Ñ‡∏µ‡∏¢‡πå‡πÅ‡∏Ñ‡∏õ‡∏¢‡πâ‡∏≠‡∏ô‡∏¢‡∏∏‡∏Ñ‡∏™‡∏≥‡∏´‡∏£‡∏±‡∏ö‡∏Ñ‡∏µ‡∏¢‡πå‡∏ö‡∏≠‡∏£‡πå‡∏î‡πÑ‡∏£‡πâ‡∏™‡∏≤‡∏¢ K2/Q1,"‡∏ø1,499.00",
https://www.lazada.co.th/products/keychron-keyboard-wooden-palm-rest-k2-k6-k3-k4-k8-i4037438481.html,"‡πÇ‡∏õ‡∏£‡πÇ‡∏°‡∏ä‡∏±‡πà‡∏ô Keychron Keyboard Wooden Palm Rest K2 / K6 , K3 , K4 , K8 ‡∏ó‡∏µ‡πà‡∏£‡∏≠‡∏á‡∏Ç‡πâ‡∏≠‡∏°‡∏∑‡∏≠ ‡πÑ‡∏°‡πâ‡∏ß‡∏≠‡∏•‡∏ô‡∏±‡∏ó‡∏≠‡πÄ‡∏°‡∏£‡∏¥‡∏Å‡∏±‡∏ô‡∏û‡∏£‡∏µ‡πÄ‡∏°‡∏µ‡πà‡∏¢‡∏° ‡∏£‡∏≤‡∏Ñ‡∏≤‡∏ñ‡∏π‡∏Å ‡∏Ñ‡∏µ‡∏¢‡πå‡∏ö‡∏≠‡∏£‡πå‡∏î ‡∏Ñ‡∏µ‡∏¢‡πå‡∏ö‡∏≠‡∏£‡πå‡∏î‡πÑ‡∏£‡πâ‡∏™‡∏≤‡∏¢ ‡∏Ñ‡∏µ‡∏¢‡πå‡∏ö‡∏≠‡∏£‡πå‡∏î‡πÄ‡∏Å‡∏°‡∏°‡∏¥‡πà‡∏á ‡∏≠‡∏∏‡∏õ‡∏Å‡∏£‡∏ì‡πå‡∏Ñ‡∏≠‡∏°","‡∏ø1,036.00",
https://www.lazada.co.th/products/key-k2-b-v2-usb-w-gateron-rgb-backlit-84-mac-windows-i3587615888.html,Key‡∏õ‡∏∏‡∏¢ K2 B V2 USB ‡∏ö‡∏•‡∏π‡∏ó‡∏π‡∏ò‡πÅ‡∏õ‡πâ‡∏ô‡∏û‡∏¥‡∏°‡∏û‡πå‡∏Å‡∏• W/ ‡∏™‡∏ß‡∏¥‡∏ï‡∏ä‡πå Gateron RGB Backlit 84‡∏Ñ‡∏µ‡∏¢‡πå‡πÅ‡∏õ‡πâ‡∏ô‡∏û‡∏¥‡∏°‡∏û‡πå‡∏Ñ‡∏≠‡∏°‡∏û‡∏¥‡∏ß‡πÄ‡∏ï‡∏≠‡∏£‡πå‡∏™‡∏≥‡∏´‡∏£‡∏±‡∏ö Mac Windows,"‡∏ø3,199.00",
https://www.lazada.co.th/products/in-stock-keychron-k2-v2-rgb-i3402313473.html,„Äê‡∏Ç‡∏≠‡∏á‡πÅ‡∏ó‡πâ‡πÉ‡∏´‡∏°‡πà„Äëin stock Keychron K2 V2 RGB ‡∏û‡∏£‡πâ‡∏≠‡∏°‡∏™‡πà‡∏á‡∏Ç‡∏≠‡∏á‡πÅ‡∏ó‡πâüíØÔºÖ ‡∏Ñ‡∏µ‡∏¢‡πå‡∏ö‡∏≠‡∏£‡πå‡∏î‡πÑ‡∏£‡πâ‡∏™‡∏≤‡∏¢ - ‡∏£‡∏∞‡∏ö‡∏ö‡∏¢‡πâ‡∏≠‡∏ô‡πÅ‡∏™‡∏á,"‡∏ø3,390.00",48 ‡∏ä‡∏¥‡πâ‡∏ô
https://www.lazada.co.th/products/in-stock-keychron-k2-v2-rgb-i4020169558.html,[‡∏õ‡∏£‡∏∞‡∏Å‡∏±‡∏ô‡πÑ‡∏ó‡∏¢] [in stock] Keychron K2 V2 RGB ‡∏Ñ‡∏µ‡∏¢‡πå‡∏ö‡∏≠‡∏£‡πå‡∏î ‡∏™‡∏¥‡∏ô‡∏Ñ‡πâ‡∏≤‡∏ñ‡πà‡∏≤‡∏¢‡∏à‡∏≤‡∏Å‡∏á‡∏≤‡∏ô‡∏à‡∏£‡∏¥‡∏á üíØ% ‡∏Ñ‡∏µ‡∏¢‡πå‡∏ö‡∏≠‡∏£‡πå‡∏î‡πÑ‡∏£‡πâ‡∏™‡∏≤‡∏¢ - ‡∏£‡∏∞‡∏ö‡∏ö‡∏¢‡πâ‡∏≠‡∏ô‡πÅ‡∏™‡∏á,"‡∏ø3,310.00",74 ‡∏ä‡∏¥‡πâ‡∏ô
https://www.lazada.co.th/products/foam-plate-mute-foam-for-keychron-k2-k4-k6-k-8-and-other-mechanical-keyboard-by-lm-keyboard-i4066517884.html,‡πÇ‡∏õ‡∏£‡πÇ‡∏°‡∏ä‡∏±‡πà‡∏ô Foam Plate (Mute Foam) for Keychron K2 K4 K6 K 8 and other Mechanical Keyboard by L+M Keyboard ‡∏£‡∏≤‡∏Ñ‡∏≤‡∏ñ‡∏π‡∏Å ‡∏Ñ‡∏µ‡∏¢‡πå‡∏ö‡∏≠‡∏£‡πå‡∏î ‡∏Ñ‡∏µ‡∏¢‡πå‡∏ö‡∏≠‡∏£‡πå‡∏î‡πÑ‡∏£‡πâ‡∏™‡∏≤‡∏¢ ‡∏Ñ‡∏µ‡∏¢‡πå‡∏ö‡∏≠‡∏£‡πå‡∏î‡πÄ‡∏Å‡∏°‡∏°‡∏¥‡πà‡∏á ‡∏≠‡∏∏‡∏õ‡∏Å‡∏£‡∏ì‡πå‡∏Ñ‡∏≠‡∏°,‡∏ø445.00,
https://www.lazada.co.th/products/oem-117-key-shine-ansi-iso-double-shot-pbt-keycaps-61-64-68-84-gmmk-keychron-k2-keyset-i4168514405.html,OEM 117 Key Shine ‡∏ú‡πà‡∏≤‡∏ô ANSI ISO Double Shot PBT Keycaps ‡∏™‡∏≥‡∏´‡∏£‡∏±‡∏ö‡∏Ñ‡∏µ‡∏¢‡πå‡∏ö‡∏≠‡∏£‡πå‡∏î61 64 68 84 GMMK Keychron K2 Keyset ‡πÅ‡∏•‡πá‡∏õ‡∏ó‡πá‡∏≠‡∏õ,‡∏ø922.00,
https://www.lazada.co.th/products/keychron-k2-v2-wgateron-g-pro-switch-led-backlit-84-key-mac-windows-i4042922100.html,Keychron K2 V2‡∏ö‡∏•‡∏π‡∏ó‡∏π‡∏ò‡πÑ‡∏£‡πâ‡∏™‡∏≤‡∏¢‡∏Ñ‡∏µ‡∏¢‡πå‡∏ö‡∏≠‡∏£‡πå‡∏î W/gateron G Pro Switch LED ‡∏™‡∏µ‡∏Ç‡∏≤‡∏ß Backlit 84-Key ‡∏™‡∏≥‡∏´‡∏£‡∏±‡∏ö Mac Windows,"‡∏ø5,648.00",
https://www.lazada.co.th/products/foam-plate-mute-foam-for-keychron-k2-k4-k6-k-8-and-other-mechanical-keyboard-by-lm-keyboard-i3971677396.html,‚ú¶Foam Plate (Mute Foam) for Keychron K2 K4 K6 K 8 and other Mechanical Keyboard by L+M Keyboard‚ôù,‡∏ø465.00,
https://www.lazada.co.th/products/foam-plate-mute-foam-for-keychron-k2-k4-k6-k-8-and-other-mechanical-keyboard-by-lm-keyboard-i4047179665.html,‡πÄ‡∏£‡∏∑‡∏≠‡∏à‡∏≤‡∏Å‡∏õ‡∏£‡∏∞‡πÄ‡∏ó‡∏®‡πÑ‡∏ó‡∏¢ Foam Plate (Mute Foam) for Keychron K2 K4 K6 K 8 and other Mechanical Keyboard by L+M Keyboard,‡∏ø451.00,
https://www.lazada.co.th/products/oem-117-pbt-61-64-68-84-gmmk-keychron-k2-i4348957546.html,Oem 117‡∏Ñ‡∏µ‡∏¢‡πå‡∏£‡∏≠‡∏á‡πÄ‡∏ó‡πâ‡∏≤‡∏ü‡∏∏‡∏ï‡∏ö‡∏≠‡∏•‡πÅ‡∏≠‡∏ô‡∏ã‡∏µ‡πà‡πÑ‡∏≠‡πÇ‡∏ã‡∏õ‡∏∏‡πà‡∏°‡∏Å‡∏î PBT¬† ‡∏ä‡πá‡∏≠‡∏ï‡∏Ñ‡∏π‡πà‡∏™‡∏≥‡∏´‡∏£‡∏±‡∏ö‡∏Ñ‡∏µ‡∏¢‡πå‡∏ö‡∏≠‡∏£‡πå‡∏î‡πÅ‡∏ö‡∏ö‡∏Å‡∏•‡πÑ‡∏Å61 64 68 84 Gmmk Keychron K2‡∏ä‡∏∏‡∏î‡∏ï‡∏±‡∏Å,"‡∏ø1,075.00",
https://www.lazada.co.th/products/keychron-k2-v2-wgateron-g-pro-switch-led-backlit-84-key-mac-windows-i4084357747.html,Keychron K2 V2‡∏ö‡∏•‡∏π‡∏ó‡∏π‡∏ò‡πÑ‡∏£‡πâ‡∏™‡∏≤‡∏¢‡∏Ñ‡∏µ‡∏¢‡πå‡∏ö‡∏≠‡∏£‡πå‡∏î W/gateron G Pro Switch LED ‡∏™‡∏µ‡∏Ç‡∏≤‡∏ß Backlit 84-Key ‡∏™‡∏≥‡∏´‡∏£‡∏±‡∏ö Mac Windows,"‡∏ø5,412.00",
https://www.lazada.co.th/products/keychron-k2-axz-v2-wgateron-g-pro-switch-led-backlight-84-key-b-i4245371654.html,Keychron K2 AXZ V2‡∏ö‡∏•‡∏π‡∏ó‡∏π‡∏ò‡∏Ñ‡∏µ‡∏¢‡πå‡∏ö‡∏≠‡∏£‡πå‡∏î W/gateron G Pro Switch/ ‡∏™‡∏µ‡∏Ç‡∏≤‡∏ß LED Backlight 84-Key ‡∏£‡∏∏‡πà‡∏ô B,"‡∏ø4,434.00",
https://www.lazada.co.th/products/keychron-k2-v2-84-i4353221102.html,[‡∏û‡∏£‡πâ‡∏≠‡∏°‡∏™‡πà‡∏á] Keychron K2 V2 ‡∏Ñ‡∏µ‡∏¢‡πå‡∏ö‡∏≠‡∏£‡πå‡∏î‡∏ö‡∏•‡∏π‡∏ó‡∏π‡∏ò‡πÑ‡∏£‡πâ‡∏™‡∏≤‡∏¢ 84 ‡∏Ñ‡∏µ‡∏¢‡πå,"‡∏ø5,117.00",
https://www.lazada.co.th/products/keychron-k2-v2-led-84-mac-windows-i4296931440.html,Keychron K2‡∏Ñ‡∏µ‡∏¢‡πå‡∏ö‡∏≠‡∏£‡πå‡∏î‡πÅ‡∏ö‡∏ö‡∏Å‡∏•‡πÑ‡∏Å‡πÑ‡∏£‡πâ‡∏™‡∏≤‡∏¢‡∏ö‡∏•‡∏π‡∏ó‡∏π‡∏ò‡πÉ‡∏ô V2‡∏™‡∏ß‡∏¥‡∏ï‡∏ä‡πå‡πÑ‡∏ü LED ‡∏™‡∏µ‡∏Ç‡∏≤‡∏ß84-‡∏Ñ‡∏µ‡∏¢‡πå‡∏™‡∏≥‡∏´‡∏£‡∏±‡∏ö‡πÄ‡∏°‡∏≤‡∏™‡πå Mac Windows,"‡∏ø4,568.00",
https://www.lazada.co.th/products/keychron-k2-k-75-84-type-c-mac-i4294899440.html,Keychron K2 K ‡∏£‡∏π‡∏õ‡πÅ‡∏ö‡∏ö75% 84‡∏Ñ‡∏µ‡∏¢‡πå‡∏ö‡∏•‡∏π‡∏ó‡∏π‡∏ò‡πÑ‡∏£‡πâ‡∏™‡∏≤‡∏¢‡∏Ñ‡∏µ‡∏¢‡πå‡∏ö‡∏≠‡∏£‡πå‡∏î‡πÄ‡∏•‡πà‡∏ô‡πÄ‡∏Å‡∏°‡∏°‡∏±‡∏•‡∏ï‡∏¥‡∏ó‡∏≤‡∏™‡∏Å‡∏¥‡πâ‡∏á Type-C ‡πÅ‡∏ö‡∏ö‡∏°‡∏µ‡∏™‡∏≤‡∏¢‡πÑ‡∏°‡πà‡πÉ‡∏ä‡πà‡πÅ‡∏ö‡∏•‡πá‡∏Ñ‡πÑ‡∏•‡∏ó‡πå‡∏™‡∏≥‡∏´‡∏£‡∏±‡∏ö Mac,"‡∏ø4,101.00",
https://www.lazada.co.th/products/keychron-k2-v2-wgateron-g-pro-switch-led-backlit-84-key-mac-windows-i4153231015.html,Keychron K2 V2‡∏ö‡∏•‡∏π‡∏ó‡∏π‡∏ò‡πÑ‡∏£‡πâ‡∏™‡∏≤‡∏¢‡∏Ñ‡∏µ‡∏¢‡πå‡∏ö‡∏≠‡∏£‡πå‡∏î W/gateron G Pro Switch LED ‡∏™‡∏µ‡∏Ç‡∏≤‡∏ß Backlit 84-Key ‡∏™‡∏≥‡∏´‡∏£‡∏±‡∏ö Mac Windows,"‡∏ø5,482.00",
https://www.lazada.co.th/products/keychron-k2-axz-v2-wgateron-g-pro-switch-led-backlight-84-key-b-i4153144357.html,Keychron K2 AXZ V2‡∏ö‡∏•‡∏π‡∏ó‡∏π‡∏ò‡∏Ñ‡∏µ‡∏¢‡πå‡∏ö‡∏≠‡∏£‡πå‡∏î W/gateron G Pro Switch/ ‡∏™‡∏µ‡∏Ç‡∏≤‡∏ß LED Backlight 84-Key ‡∏£‡∏∏‡πà‡∏ô B,"‡∏ø6,212.00",
https://www.lazada.co.th/products/keychron-k2-c-v2-usb-84-rgb-n-key-i4153111338.html,Keychron K2 C V2‡πÑ‡∏£‡πâ‡∏™‡∏≤‡∏¢‡∏ö‡∏•‡∏π‡∏ó‡∏π‡∏ò USB ‡∏ß‡∏¥‡∏®‡∏ß‡∏Å‡∏£‡∏£‡∏°‡πÅ‡∏õ‡πâ‡∏ô‡∏û‡∏¥‡∏°‡∏û‡πå‡∏≠‡∏•‡∏π‡∏°‡∏¥‡πÄ‡∏ô‡∏µ‡∏¢‡∏°‡∏Å‡∏£‡∏≠‡∏ö‡∏Ç‡∏ô‡∏≤‡∏î‡∏Å‡∏∞‡∏ó‡∏±‡∏î‡∏£‡∏±‡∏î84‡∏Ñ‡∏µ‡∏¢‡πå RGB ‡πÅ‡∏™‡∏á‡πÑ‡∏ü N-Key ‡πÅ‡∏ö‡∏ö‡πÇ‡∏£‡∏•‡πÇ‡∏≠‡πÄ‡∏ß‡∏≠‡∏£‡πå,"‡∏ø7,802.00",
https://www.lazada.co.th/products/keychron-k2-axh-84-gateron-hot-swappable-switch-led-backlit-i4153051936.html,Keychron K2 AXH ‡∏ö‡∏•‡∏π‡∏ó‡∏π‡∏ò‡πÑ‡∏£‡πâ‡∏™‡∏≤‡∏¢‡∏Ñ‡∏µ‡∏¢‡πå‡∏ö‡∏≠‡∏£‡πå‡∏î84‡∏Ñ‡∏µ‡∏¢‡πå Gateron Hot-Swappable Switch LED ‡∏™‡∏µ‡∏Ç‡∏≤‡∏ß Backlit,"‡∏ø6,808.00",
https://www.lazada.co.th/products/3-keychron-k284-gateron-led-i4295039026.html,3 Keychron K2‡∏ö‡∏•‡∏π‡∏ó‡∏π‡∏ò‡πÑ‡∏£‡πâ‡∏™‡∏≤‡∏¢‡∏Ñ‡∏µ‡∏¢‡πå‡∏ö‡∏≠‡∏£‡πå‡∏î‡πÅ‡∏ö‡∏ö‡∏Å‡∏•‡πÑ‡∏Å84‡∏Ñ‡∏µ‡∏¢‡πå Gateron ‡∏™‡∏ß‡∏¥‡∏ï‡∏ä‡πå‡πÑ‡∏ü LED ‡∏™‡∏µ‡∏Ç‡∏≤‡∏ß,"‡∏ø5,914.00",
https://www.lazada.co.th/products/1-keychron-k284-gateron-led-i4294962353.html,1 Keychron K2‡∏ö‡∏•‡∏π‡∏ó‡∏π‡∏ò‡πÑ‡∏£‡πâ‡∏™‡∏≤‡∏¢‡∏Ñ‡∏µ‡∏¢‡πå‡∏ö‡∏≠‡∏£‡πå‡∏î‡πÅ‡∏ö‡∏ö‡∏Å‡∏•‡πÑ‡∏Å84‡∏Ñ‡∏µ‡∏¢‡πå Gateron ‡∏™‡∏ß‡∏¥‡∏ï‡∏ä‡πå‡πÑ‡∏ü LED ‡∏™‡∏µ‡∏Ç‡∏≤‡∏ß,"‡∏ø5,914.00",
https://www.lazada.co.th/products/2-keychron-k284-gateron-led-i4294824683.html,2 Keychron K2‡∏ö‡∏•‡∏π‡∏ó‡∏π‡∏ò‡πÑ‡∏£‡πâ‡∏™‡∏≤‡∏¢‡∏Ñ‡∏µ‡∏¢‡πå‡∏ö‡∏≠‡∏£‡πå‡∏î‡πÅ‡∏ö‡∏ö‡∏Å‡∏•‡πÑ‡∏Å84‡∏Ñ‡∏µ‡∏¢‡πå Gateron ‡∏™‡∏ß‡∏¥‡∏ï‡∏ä‡πå‡πÑ‡∏ü LED ‡∏™‡∏µ‡∏Ç‡∏≤‡∏ß,"‡∏ø5,914.00",
https://www.lazada.co.th/products/keychron-k2-v2-wgateron-g-pro-switch-led-backlit-84-key-mac-windows-i4238894000.html,Keychron K2 V2‡∏ö‡∏•‡∏π‡∏ó‡∏π‡∏ò‡πÑ‡∏£‡πâ‡∏™‡∏≤‡∏¢‡∏Ñ‡∏µ‡∏¢‡πå‡∏ö‡∏≠‡∏£‡πå‡∏î W/gateron G Pro Switch LED ‡∏™‡∏µ‡∏Ç‡∏≤‡∏ß Backlit 84-Key ‡∏™‡∏≥‡∏´‡∏£‡∏±‡∏ö Mac Windows,‡∏ø887.00,
https://www.lazada.co.th/products/keychron-k2-axh-84-gateron-hot-swappable-switch-led-backlit-i4150662397.html,Keychron K2 AXH ‡∏ö‡∏•‡∏π‡∏ó‡∏π‡∏ò‡πÑ‡∏£‡πâ‡∏™‡∏≤‡∏¢‡∏Ñ‡∏µ‡∏¢‡πå‡∏ö‡∏≠‡∏£‡πå‡∏î84‡∏Ñ‡∏µ‡∏¢‡πå Gateron Hot-Swappable Switch LED ‡∏™‡∏µ‡∏Ç‡∏≤‡∏ß Backlit,"‡∏ø6,509.00",
https://www.lazada.co.th/products/keychron-k2-cxh-84-gateron-rgb-backlit-i4287797744.html,Keychron K2 CXH ‡∏ö‡∏•‡∏π‡∏ó‡∏π‡∏ò‡πÑ‡∏£‡πâ‡∏™‡∏≤‡∏¢‡∏Ñ‡∏µ‡∏¢‡πå‡∏ö‡∏≠‡∏£‡πå‡∏î‡πÅ‡∏ö‡∏ö‡∏Å‡∏•‡πÑ‡∏Å84‡∏õ‡∏∏‡πà‡∏° Gateron ‡∏™‡∏ß‡∏¥‡∏ï‡∏ä‡πå‡πÑ‡∏ü RGB Backlit ‡πÄ‡∏Ñ‡∏™‡∏°‡∏∑‡∏≠‡∏ñ‡∏∑‡∏≠‡∏≠‡∏∞‡∏•‡∏π‡∏°‡∏¥‡πÄ‡∏ô‡∏µ‡∏¢‡∏°,"‡∏ø7,798.00",
https://www.lazada.co.th/products/keychron-k2-v2-led-84-mac-windows-i4287593971.html,Keychron K2‡∏Ñ‡∏µ‡∏¢‡πå‡∏ö‡∏≠‡∏£‡πå‡∏î‡πÅ‡∏ö‡∏ö‡∏Å‡∏•‡πÑ‡∏Å‡πÑ‡∏£‡πâ‡∏™‡∏≤‡∏¢‡∏ö‡∏•‡∏π‡∏ó‡∏π‡∏ò‡πÉ‡∏ô V2‡∏™‡∏ß‡∏¥‡∏ï‡∏ä‡πå‡πÑ‡∏ü LED ‡∏™‡∏µ‡∏Ç‡∏≤‡∏ß84-‡∏Ñ‡∏µ‡∏¢‡πå‡∏™‡∏≥‡∏´‡∏£‡∏±‡∏ö‡πÄ‡∏°‡∏≤‡∏™‡πå Mac Windows,"‡∏ø5,713.00",
https://www.lazada.co.th/products/keychron-k2-v2-84-i4283694628.html,[‡∏û‡∏£‡πâ‡∏≠‡∏°‡∏™‡πà‡∏á] Keychron K2 V2 ‡∏Ñ‡∏µ‡∏¢‡πå‡∏ö‡∏≠‡∏£‡πå‡∏î‡∏ö‡∏•‡∏π‡∏ó‡∏π‡∏ò‡πÑ‡∏£‡πâ‡∏™‡∏≤‡∏¢ 84 ‡∏Ñ‡∏µ‡∏¢‡πå,"‡∏ø12,792.00",
https://www.lazada.co.th/products/1-140-gmk-hero-keycaps-pbt-dye-sued-key-caps-cherry-profile-keycap-keychron-q2-k2-65-75-anne-gh60-gk64-i4231656431.html,1 140‡∏õ‡∏∏‡πà‡∏°/‡∏ä‡∏∏‡∏î GMK Hero Keycaps PBT Dye Sued Key Caps Cherry Profile Keycap ‡∏™‡∏≥‡∏´‡∏£‡∏±‡∏ö Keychron Q2 K2 65% 75% Anne GH60 GK64‡πÇ‡∏õ‡πä‡∏Å‡πÄ‡∏Å‡∏≠‡∏£‡πå,"‡∏ø1,003.00",
https://www.lazada.co.th/products/keychron-k2-v2-wgateron-g-pro-switch-led-backlit-84-key-mac-windows-i4034207641.html,Keychron K2 V2‡∏ö‡∏•‡∏π‡∏ó‡∏π‡∏ò‡πÑ‡∏£‡πâ‡∏™‡∏≤‡∏¢‡∏Ñ‡∏µ‡∏¢‡πå‡∏ö‡∏≠‡∏£‡πå‡∏î W/gateron G Pro Switch LED ‡∏™‡∏µ‡∏Ç‡∏≤‡∏ß Backlit 84-Key ‡∏™‡∏≥‡∏´‡∏£‡∏±‡∏ö Mac Windows,"‡∏ø5,750.00",
https://www.lazada.co.th/products/keychron-k2-v2-led-84-mac-windows-i4310520041.html,Keychron K2‡∏Ñ‡∏µ‡∏¢‡πå‡∏ö‡∏≠‡∏£‡πå‡∏î‡πÅ‡∏ö‡∏ö‡∏Å‡∏•‡πÑ‡∏Å‡πÑ‡∏£‡πâ‡∏™‡∏≤‡∏¢‡∏ö‡∏•‡∏π‡∏ó‡∏π‡∏ò‡πÉ‡∏ô V2‡∏™‡∏ß‡∏¥‡∏ï‡∏ä‡πå‡πÑ‡∏ü LED ‡∏™‡∏µ‡∏Ç‡∏≤‡∏ß84-‡∏Ñ‡∏µ‡∏¢‡πå‡∏™‡∏≥‡∏´‡∏£‡∏±‡∏ö‡πÄ‡∏°‡∏≤‡∏™‡πå Mac Windows,"‡∏ø8,992.00",
https://www.lazada.co.th/products/keychron-oem-pbt-retro-keycap-set-k2q1-wireless-mechanical-keyboard-i4224669262.html,Keychron ‡πÇ‡∏õ‡∏£‡πÑ‡∏ü‡∏•‡πå OEM PBT Retro Keycap Set ‡∏™‡∏≥‡∏´‡∏£‡∏±‡∏ö K2/Q1 Wireless Mechanical Keyboard,"‡∏ø2,304.00",
https://www.lazada.co.th/products/in-stock-keychron-k2-v2-rgb-i4359029088.html,‡πÇ‡∏õ‡∏£‡πÇ‡∏°‡∏ä‡∏±‡πà‡∏ô [‡∏õ‡∏£‡∏∞‡∏Å‡∏±‡∏ô‡πÑ‡∏ó‡∏¢] [in stock] Keychron K2 V2 RGB ‡∏Ñ‡∏µ‡∏¢‡πå‡∏ö‡∏≠‡∏£‡πå‡∏î ‡∏™‡∏¥‡∏ô‡∏Ñ‡πâ‡∏≤‡∏ñ‡πà‡∏≤‡∏¢‡∏à‡∏≤‡∏Å‡∏á‡∏≤‡∏ô‡∏à‡∏£‡∏¥‡∏á % ‡∏Ñ‡∏µ‡∏¢‡πå‡∏ö‡∏≠‡∏£‡πå‡∏î‡πÑ‡∏£‡πâ‡∏™‡∏≤‡∏¢ - ‡∏£‡∏∞‡∏ö‡∏ö‡∏¢‡πâ‡∏≠‡∏ô‡πÅ‡∏™‡∏á ‡∏£‡∏≤‡∏Ñ‡∏≤‡∏ñ‡∏π‡∏Å ‡∏Ñ‡∏µ‡∏¢‡πå‡∏ö‡∏≠‡∏£‡πå‡∏î ‡∏Ñ‡∏µ‡∏¢‡πå‡∏ö‡∏≠‡∏£‡πå‡∏î‡πÑ‡∏£‡πâ‡∏™‡∏≤‡∏¢ ‡∏Ñ‡∏µ‡∏¢‡πå‡∏ö‡∏≠‡∏£‡πå‡∏î‡πÑ‡∏ü‡∏ü‡πâ‡∏≤ ‡∏Ñ‡∏µ‡∏¢‡πå‡∏ö‡∏≠‡∏£‡πå‡∏î‡πÄ‡∏Å‡∏°‡∏°‡∏¥‡πà‡∏á,"‡∏ø4,860.00",
https://www.lazada.co.th/products/in-stock-keychron-k2-v2-rgb-i4358963722.html,‡πÇ‡∏õ‡∏£‡πÇ‡∏°‡∏ä‡∏±‡πà‡∏ô „Äê‡∏Ç‡∏≠‡∏á‡πÅ‡∏ó‡πâ‡πÉ‡∏´‡∏°‡πà„Äëin stock Keychron K2 V2 RGB ‡∏û‡∏£‡πâ‡∏≠‡∏°‡∏™‡πà‡∏á‡∏Ç‡∏≠‡∏á‡πÅ‡∏ó‡πâÔºÖ ‡∏Ñ‡∏µ‡∏¢‡πå‡∏ö‡∏≠‡∏£‡πå‡∏î‡πÑ‡∏£‡πâ‡∏™‡∏≤‡∏¢ - ‡∏£‡∏∞‡∏ö‡∏ö‡∏¢‡πâ‡∏≠‡∏ô‡πÅ‡∏™‡∏á ‡∏£‡∏≤‡∏Ñ‡∏≤‡∏ñ‡∏π‡∏Å ‡∏Ñ‡∏µ‡∏¢‡πå‡∏ö‡∏≠‡∏£‡πå‡∏î ‡∏Ñ‡∏µ‡∏¢‡πå‡∏ö‡∏≠‡∏£‡πå‡∏î‡πÑ‡∏£‡πâ‡∏™‡∏≤‡∏¢ ‡∏Ñ‡∏µ‡∏¢‡πå‡∏ö‡∏≠‡∏£‡πå‡∏î‡πÑ‡∏ü‡∏ü‡πâ‡∏≤ ‡∏Ñ‡∏µ‡∏¢‡πå‡∏ö‡∏≠‡∏£‡πå‡∏î‡πÄ‡∏Å‡∏°‡∏°‡∏¥‡πà‡∏á,"‡∏ø4,878.00",
https://www.lazada.co.th/products/in-stock-keychron-k2-v2-rgb-i4358878629.html,‡πÇ‡∏õ‡∏£‡πÇ‡∏°‡∏ä‡∏±‡πà‡∏ô „Äê‡∏Ç‡∏≠‡∏á‡πÅ‡∏ó‡πâ‡πÉ‡∏´‡∏°‡πà„Äëin stock Keychron K2 V2 RGB ‡∏û‡∏£‡πâ‡∏≠‡∏°‡∏™‡πà‡∏á‡∏Ç‡∏≠‡∏á‡πÅ‡∏ó‡πâÔºÖ ‡∏Ñ‡∏µ‡∏¢‡πå‡∏ö‡∏≠‡∏£‡πå‡∏î‡πÑ‡∏£‡πâ‡∏™‡∏≤‡∏¢ - ‡∏£‡∏∞‡∏ö‡∏ö‡∏¢‡πâ‡∏≠‡∏ô‡πÅ‡∏™‡∏á ‡∏£‡∏≤‡∏Ñ‡∏≤‡∏ñ‡∏π‡∏Å ‡∏Ñ‡∏µ‡∏¢‡πå‡∏ö‡∏≠‡∏£‡πå‡∏î ‡∏Ñ‡∏µ‡∏¢‡πå‡∏ö‡∏≠‡∏£‡πå‡∏î‡πÑ‡∏£‡πâ‡∏™‡∏≤‡∏¢ ‡∏Ñ‡∏µ‡∏¢‡πå‡∏ö‡∏≠‡∏£‡πå‡∏î‡πÑ‡∏ü‡∏ü‡πâ‡∏≤ ‡∏Ñ‡∏µ‡∏¢‡πå‡∏ö‡∏≠‡∏£‡πå‡∏î‡πÄ‡∏Å‡∏°‡∏°‡∏¥‡πà‡∏á,"‡∏ø4,878.00",
https://www.lazada.co.th/products/foam-plate-mute-foam-for-keychron-k2-k4-k6-k-8-and-other-mechanical-keyboard-by-lm-keyboard-i3930895709.html,‚ô£Foam Plate (Mute Foam) for Keychron K2 K4 K6 K 8 and other Mechanical Keyboard by L+M Keyboard‚ú¥,‡∏ø437.00,
https://www.lazada.co.th/products/foam-plate-mute-foam-for-keychron-k2-k4-k6-k-8-and-other-mechanical-keyboard-by-lm-keyboard-i3983873595.html,‡πÄ‡∏£‡∏∑‡∏≠‡∏à‡∏≤‡∏Å‡∏õ‡∏£‡∏∞‡πÄ‡∏ó‡∏®‡πÑ‡∏ó‡∏¢ Foam Plate (Mute Foam) for Keychron K2 K4 K6 K 8 and other Mechanical Keyboard by L+M Keyboard,‡∏ø460.00,
https://www.lazada.co.th/products/oem-117-key-shine-ansi-iso-double-shot-pbt-keycaps-61-64-68-84-gmmk-keychron-k2-i4265877202.html,OEM 117 Key Shine ‡∏ú‡πà‡∏≤‡∏ô ANSI ISO Double shot PBT keycaps ‡∏™‡∏≥‡∏´‡∏£‡∏±‡∏ö‡∏Ñ‡∏µ‡∏¢‡πå‡∏ö‡∏≠‡∏£‡πå‡∏î61 64 68 84 gmmk keychron K2‡∏Ñ‡∏µ‡∏¢‡πå‡∏ä‡∏∏‡∏î‡πÅ‡∏•‡πá‡∏õ‡∏ó‡πá‡∏≠‡∏õ,"‡∏ø2,027.20",
https://www.lazada.co.th/products/keychron-k5-low-profile-keyboard-104-keys-thai-100-104-i4092977975.html,Keychron K5 Low profile Keyboard 104 Keys Thai (‡∏Ñ‡∏µ‡∏¢‡πå‡∏ö‡∏≠‡∏£‡πå‡∏î‡πÑ‡∏£‡πâ‡∏™‡∏≤‡∏¢‡∏†‡∏≤‡∏©‡∏≤‡πÑ‡∏ó‡∏¢‡∏Ç‡∏ô‡∏≤‡∏î 100% ‡∏ü‡∏π‡∏•‡πÑ‡∏ã‡∏™‡πå 104‡∏õ‡∏∏‡πà‡∏°),"‡∏ø4,390.00",81 ‡∏ä‡∏¥‡πâ‡∏ô
https://www.lazada.co.th/products/original-keychron-k3-v2-ultra-slim-wireless-mechanical-keyboard-low-profile-keyboard-hot-swappable-keyboard-75-keyboard-for-mac-windows-i3575621754.html,Original Keychron K3 V2 Ultra-slim Wireless Mechanical Keyboard Low Profile Keyboard Hot-Swappable Keyboard 75% Keyboard for Mac Windows,"‡∏ø2,495.00",66 ‡∏ä‡∏¥‡πâ‡∏ô
https://www.lazada.co.th/products/keychron-k1se-low-profile-keyboard-87-keys-thai-tkl-87-i3950657063.html,Keychron K1SE Low profile Keyboard 87 Keys Thai (‡∏Ñ‡∏µ‡∏¢‡πå‡∏ö‡∏≠‡∏£‡πå‡∏î‡πÑ‡∏£‡πâ‡∏™‡∏≤‡∏¢‡∏†‡∏≤‡∏©‡∏≤‡πÑ‡∏ó‡∏¢‡∏Ç‡∏ô‡∏≤‡∏î TKL 87‡∏õ‡∏∏‡πà‡∏°),"‡∏ø4,390.00",24 ‡∏ä‡∏¥‡πâ‡∏ô
https://www.lazada.co.th/products/keychron-q0-qmk-custom-number-pad-rgbqmk-via-i4148894278.html,"Keychron Q0 QMK ‡∏Ñ‡∏µ‡∏¢‡πå‡∏ö‡∏≠‡∏£‡πå‡∏î‡πÅ‡∏ö‡∏ö‡∏Å‡∏•‡πÑ‡∏Å‡∏õ‡∏£‡∏∞‡∏Å‡∏≠‡∏ö‡∏≠‡∏¢‡πà‡∏≤‡∏á‡πÄ‡∏ï‡πá‡∏°‡∏ó‡∏µ‡πà Custom Number Pad ‡πÅ‡∏ö‡∏ö‡∏°‡∏µ‡∏™‡∏≤‡∏¢,RGB,‡∏≠‡∏•‡∏π‡∏°‡∏¥‡πÄ‡∏ô‡∏µ‡∏¢‡∏°,QMK VIA","‡∏ø2,470.00",
https://www.lazada.co.th/products/keychron-q0-qmk-via-custom-numpad-keyboard-i4198078946.html,Keychron Q0 QMK VIA Custom Numpad Keyboard ‡∏Ñ‡∏µ‡∏¢‡πå‡∏Ñ‡∏£‡∏≠‡∏ô ‡∏Ñ‡∏µ‡∏¢‡πå‡∏ö‡∏≠‡∏£‡πå‡∏î ‡∏ô‡∏±‡∏°‡πÅ‡∏û‡∏î,"‡∏ø3,490.00",6 ‡∏ä‡∏¥‡πâ‡∏ô
https://www.lazada.co.th/products/keychron-v1-custom-keyboard-qmk-via-eng-75-i4304429938.html,Keychron V1 Custom Keyboard QMK VIA ENG (‡∏Ñ‡∏±‡∏™‡∏ï‡πâ‡∏≠‡∏° ‡∏Ñ‡∏µ‡∏¢‡πå‡∏ö‡∏≠‡∏£‡πå‡∏î‡∏†‡∏≤‡∏©‡∏≤‡∏≠‡∏±‡∏á‡∏Å‡∏§‡∏©‡∏Ç‡∏ô‡∏≤‡∏î 75%),"‡∏ø3,990.00",
https://www.lazada.co.th/products/keychron-k6-68-key-usb-rgb-backlit-gateron-i4252119474.html,Keychron K6 68-Key USB ‡∏ö‡∏•‡∏π‡∏ó‡∏π‡∏ò RGB Backlit Gateron ‡∏™‡∏ß‡∏¥‡∏ó‡∏ä‡πå‡∏Ñ‡∏≠‡∏°‡∏û‡∏¥‡∏ß‡πÄ‡∏ï‡∏≠‡∏£‡πå‡∏ß‡∏¥‡∏®‡∏ß‡∏Å‡∏£‡∏£‡∏°‡πÅ‡∏õ‡πâ‡∏ô‡∏û‡∏¥‡∏°‡∏û‡πå‡∏Å‡∏£‡∏≠‡∏ö‡∏û‡∏•‡∏≤‡∏™‡∏ï‡∏¥‡∏Å,"‡∏ø1,777.00",
https://www.lazada.co.th/products/keychron-k1-wireless-keyboard-version-5-keyboard-thai-tkl-i4304473213.html,Keychron K1 Wireless Keyboard (Version 5) Keyboard Thai (‡∏Ñ‡∏µ‡∏¢‡πå‡∏ö‡∏≠‡∏£‡πå‡∏î‡πÑ‡∏£‡πâ‡∏™‡∏≤‡∏¢‡∏†‡∏≤‡∏©‡∏≤‡πÑ‡∏ó‡∏¢‡∏Ç‡∏ô‡∏≤‡∏î TKL),"‡∏ø4,090.00",8 ‡∏ä‡∏¥‡πâ‡∏ô
https://www.lazada.co.th/products/keychron-k12-rgb-hotswap-aluminium-key-eng-mechanical-keyboard-wireless-100-i3082059874.html,Keychron K12 RGB Hotswap Aluminium (Key ENG) Mechanical Keyboard ‡∏Ñ‡∏µ‡∏¢‡πå‡∏ö‡∏≠‡∏£‡πå‡∏î‡πÑ‡∏£‡πâ‡∏™‡∏≤‡∏¢ Wireless ‡πÅ‡∏ó‡πâ100% ‡∏ñ‡∏π‡∏Å‡∏™‡∏∏‡∏î‡πÉ‡∏ô‡πÇ‡∏•‡∏Å,"‡∏ø3,390.00",
https://www.lazada.co.th/products/keychron-k4-hotswap-key-eng-mechanical-keyboard-wireless-100-i4025624141.html,Keychron K4 hotswap (Key ENG) Mechanical Keyboard ‡∏Ñ‡∏µ‡∏¢‡πå‡∏ö‡∏≠‡∏£‡πå‡∏î‡πÑ‡∏£‡πâ‡∏™‡∏≤‡∏¢ Wireless ‡πÅ‡∏ó‡πâ100% ‡∏ñ‡∏π‡∏Å‡∏™‡∏∏‡∏î‡πÉ‡∏ô‡πÇ‡∏•‡∏Å,"‡∏ø3,799.00",
https://www.lazada.co.th/products/keychron-k3-rgb-low-profile-keyboard-mechanical-keyboard-wireless-100-i3082118450.html,Keychron K3 RGB Low Profile Keyboard Mechanical Keyboard ‡∏Ñ‡∏µ‡∏¢‡πå‡∏ö‡∏≠‡∏£‡πå‡∏î‡πÑ‡∏£‡πâ‡∏™‡∏≤‡∏¢ Wireless ‡πÅ‡∏ó‡πâ100% ‡∏ñ‡∏π‡∏Å‡∏™‡∏∏‡∏î‡πÉ‡∏ô‡πÇ‡∏•‡∏Å,"‡∏ø3,290.00",22 ‡∏ä‡∏¥‡πâ‡∏ô
https://www.lazada.co.th/products/in-stock-keychron-k4-v2-mode-5-1-i4019688539.html,[‡∏õ‡∏£‡∏∞‡∏Å‡∏±‡∏ô‡πÑ‡∏ó‡∏¢] [in stock] Keychron K4 V2 ‡∏Ñ‡∏µ‡∏¢‡πå‡∏ö‡∏≠‡∏£‡πå‡∏î ‡∏™‡∏¥‡∏ô‡∏Ñ‡πâ‡∏≤‡∏ñ‡πà‡∏≤‡∏¢‡∏à‡∏≤‡∏Å‡∏á‡∏≤‡∏ô‡∏à‡∏£‡∏¥‡∏á üíØ% ‡∏Ñ‡∏µ‡∏¢‡πå‡∏ö‡∏≠‡∏£‡πå‡∏î‡∏ö‡∏•‡∏π‡∏ó‡∏π‡∏ò ‡πÅ‡∏ö‡∏ö‡πÑ‡∏£‡πâ‡∏™‡∏≤‡∏¢ - Mode 5 . 1 ‡∏Ñ‡∏µ‡∏¢‡πå‡∏†‡∏≤‡∏©‡∏≤‡πÑ‡∏ó‡∏¢,"‡∏ø3,150.00",67 ‡∏ä‡∏¥‡πâ‡∏ô
https://www.lazada.co.th/products/keychron-k10-wireless-mechanical-keyboard-silent-red-switch-thai-100-i4376251710.html,Keychron K10 Wireless Mechanical Keyboard (Silent Red Switch) Thai (‡∏Ñ‡∏µ‡∏¢‡πå‡∏ö‡∏≠‡∏£‡πå‡∏î‡πÑ‡∏£‡πâ‡∏™‡∏≤‡∏¢‡∏†‡∏≤‡∏©‡∏≤‡πÑ‡∏ó‡∏¢‡∏Ç‡∏ô‡∏≤‡∏î 100%),"‡∏ø4,390.00",
https://www.lazada.co.th/products/keychron-k1-se-mac-windows-i3983876265.html,Keychron K1 SE ‡πÅ‡∏™‡∏á‡πÑ‡∏ü‡∏™‡∏µ‡∏Ç‡∏≤‡∏ß‡∏£‡∏≤‡∏¢‡∏•‡∏∞‡πÄ‡∏≠‡∏µ‡∏¢‡∏î‡∏ï‡πà‡∏≥‡∏≠‡∏≠‡∏õ‡∏ï‡∏¥‡∏Ñ‡∏≠‡∏•‡∏™‡∏ß‡∏¥‡∏ó‡∏ä‡πå‡∏£‡πâ‡∏≠‡∏ô‡∏ñ‡∏≠‡∏î‡πÄ‡∏õ‡∏•‡∏µ‡πà‡∏¢‡∏ô‡πÑ‡∏î‡πâ‡∏Ñ‡∏µ‡∏¢‡πå‡∏ö‡∏≠‡∏£‡πå‡∏î‡πÑ‡∏£‡πâ‡∏™‡∏≤‡∏¢‡∏Å‡∏•‡∏™‡∏≥‡∏´‡∏£‡∏±‡∏ö Mac Windows,"‡∏ø3,299.00",
https://www.lazada.co.th/products/keychron-k4-g-v2-w-backlight-hot-swappable-switch-usb-i2412187148.html,Keychron K4 G V2‡∏ö‡∏•‡∏π‡∏ó‡∏π‡∏ò‡πÑ‡∏£‡πâ‡∏™‡∏≤‡∏¢‡∏Ñ‡∏µ‡∏¢‡πå‡∏ö‡∏≠‡∏£‡πå‡∏î‡πÅ‡∏ö‡∏ö‡∏Å‡∏•‡πÑ‡∏Å W/‡∏™‡∏µ‡∏Ç‡∏≤‡∏ß Backlight Hot-Swappable Switch ‡∏Å‡∏≤‡∏£‡πÄ‡∏•‡πà‡∏ô‡πÄ‡∏Å‡∏° USB ‡πÅ‡∏ö‡∏ö‡∏°‡∏µ‡∏™‡∏≤‡∏¢‡πÅ‡∏õ‡πâ‡∏ô‡∏û‡∏¥‡∏°‡∏û‡πå,"‡∏ø3,599.00",
https://www.lazada.co.th/products/keychron-k7-gateron-mac-windows-i3586882702.html,Keychron K7‡∏Ñ‡∏µ‡∏¢‡πå‡∏ö‡∏≠‡∏£‡πå‡∏î‡∏Å‡∏•‡πÑ‡∏Å‡πÑ‡∏£‡πâ‡∏™‡∏≤‡∏¢‡∏ö‡∏≤‡∏á‡πÄ‡∏â‡∏µ‡∏¢‡∏ö‡∏™‡∏ß‡∏¥‡∏ï‡∏ä‡πå Gateron ‡∏£‡∏≤‡∏¢‡∏•‡∏∞‡πÄ‡∏≠‡∏µ‡∏¢‡∏î‡∏ï‡πà‡∏≥‡πÑ‡∏ü‡πÅ‡∏ö‡πá‡∏Ñ‡πÑ‡∏•‡∏ó‡πå‡πÄ‡∏õ‡∏¥‡∏î‡πÑ‡∏î‡πâ‡∏™‡∏≥‡∏´‡∏£‡∏±‡∏ö Mac Windows,"‡∏ø3,299.00",
https://www.lazada.co.th/products/keychron-k4-v2-mode-5-1-i3592149430.html,Keychron K4 V2  ‡πÄ‡∏≠‡∏ü‡πÄ‡∏ü‡∏Å‡∏ï‡πå‡πÅ‡∏™‡∏á‡∏´‡∏•‡∏≤‡∏¢‡πÇ‡∏´‡∏°‡∏î‡πÅ‡∏ö‡∏ö‡∏Ñ‡∏π‡πà ‡∏Ñ‡∏µ‡∏¢‡πå‡∏ö‡∏≠‡∏£‡πå‡∏î‡∏ö‡∏•‡∏π‡∏ó‡∏π‡∏ò ‡πÅ‡∏ö‡∏ö‡πÑ‡∏£‡πâ‡∏™‡∏≤‡∏¢ - Mode 5 . 1  ‡∏Ç‡∏≠‡∏á‡πÉ‡∏´‡∏°‡πà‡πÅ‡∏ó‡πâüíØ%,"‡∏ø3,150.00",139 ‡∏ä‡∏¥‡πâ‡∏ô
https://www.lazada.co.th/products/keychron-k3-ultra-slim-wireless-mechanical-low-profile-keyboard-optical-hot-swappable-switch-backlit-mac-windows-i3918269158.html,Keychron K3 Ultra-Slim Wireless Mechanical Low Profile Keyboard Optical Hot-Swappable Switch Backlit ‡∏™‡∏µ‡∏Ç‡∏≤‡∏ß‡∏™‡∏≥‡∏´‡∏£‡∏±‡∏ö Mac Windows,"‡∏ø2,517.00",
https://www.lazada.co.th/products/100keychron-k4-v2-51-rgb-wireless-mechanical-keyboard-i3996390597.html,„Äê‡∏û‡∏£‡πâ‡∏≠‡∏°‡∏™‡πà‡∏á‡∏Ç‡∏≠‡∏á‡πÅ‡∏ó‡πâ100%„ÄëKeychron K4 V2 ‡∏Ñ‡∏µ‡∏¢‡πå‡∏ö‡∏≠‡∏£‡πå‡∏î‡πÑ‡∏£‡πâ‡∏™‡∏≤‡∏¢ ‡∏ö‡∏•‡∏π‡∏ó‡∏π‡∏ò 5.1 RGB Wireless mechanical keyboard ‡πÇ‡∏´‡∏°‡∏î‡∏Ñ‡∏π‡πà ‡πÄ‡∏≠‡∏ü‡πÄ‡∏ü‡∏Ñ‡πÑ‡∏ü‡∏´‡∏•‡∏≤‡∏¢‡πÅ‡∏ö‡∏ö,"‡∏ø3,140.00",56 ‡∏ä‡∏¥‡πâ‡∏ô
https://www.lazada.co.th/products/keychron-v1-custom-keyboard-qmk-via-th-en-75-i4376380318.html,Keychron V1 Custom Keyboard QMK VIA TH-EN (‡∏Ñ‡∏±‡∏™‡∏ï‡πâ‡∏≠‡∏° ‡∏Ñ‡∏µ‡∏¢‡πå‡∏ö‡∏≠‡∏£‡πå‡∏î‡∏†‡∏≤‡∏©‡∏≤‡πÑ‡∏ó‡∏¢‡∏Ç‡∏ô‡∏≤‡∏î 75%),"‡∏ø3,990.00",
https://www.lazada.co.th/products/keychron-k4-wireless-keyboard-thai-96-i764908220.html,Keychron K4 Wireless Keyboard Thai (‡∏Ñ‡∏µ‡∏¢‡πå‡∏ö‡∏≠‡∏£‡πå‡∏î‡πÑ‡∏£‡πâ‡∏™‡∏≤‡∏¢‡∏†‡∏≤‡∏©‡∏≤‡πÑ‡∏ó‡∏¢‡∏Ç‡∏ô‡∏≤‡∏î 96%),"‡∏ø4,390.00",792 ‡∏ä‡∏¥‡πâ‡∏ô
https://www.lazada.co.th/products/keychron-k1-se-d-mac-windows-i4278851161.html,Keychron K1 SE D ‡∏™‡∏ß‡∏¥‡∏ï‡∏ä‡πå‡∏≠‡∏≠‡∏õ‡∏ï‡∏¥‡∏Ñ‡∏≠‡∏•‡∏Å‡∏•‡πà‡∏≠‡∏á‡πÄ‡∏Ñ‡∏™‡∏≠‡∏∞‡∏•‡∏π‡∏°‡∏¥‡πÄ‡∏ô‡∏µ‡∏¢‡∏°‡πÅ‡∏™‡∏á‡∏™‡∏µ‡∏Ç‡∏≤‡∏ß‡∏Ñ‡∏µ‡∏¢‡πå‡∏ö‡∏≠‡∏£‡πå‡∏î‡πÅ‡∏ö‡∏ö‡∏Å‡∏•‡πÑ‡∏Å‡πÑ‡∏£‡πâ‡∏™‡∏≤‡∏¢‡∏™‡∏≥‡∏´‡∏£‡∏±‡∏ö‡πÄ‡∏°‡∏≤‡∏™‡πå Mac Windows,"‡∏ø2,799.00",
https://www.lazada.co.th/products/keychron-k3-v2-rgb-en-wireless-mechanical-keyboard-aluminum-frame-k3v2-k3-v2-i3333048717.html,Keychron K3 V.2 RGB (EN) Wireless Mechanical Keyboard Aluminum Frame ‡∏Ñ‡∏µ‡∏¢‡πå‡∏ö‡∏≠‡∏£‡πå‡∏î‡πÑ‡∏£‡πâ‡∏™‡∏≤‡∏¢ ‡∏Ñ‡∏µ‡∏¢‡πå‡∏ö‡∏≠‡∏£‡πå‡∏î k3v2 k3 v.2,"‡∏ø3,050.00",7 ‡∏ä‡∏¥‡πâ‡∏ô
https://www.lazada.co.th/products/keychron-k8-hotswap-key-eng-mechanical-keyboard-wireless-i3082182019.html,Keychron K8 Hotswap (KEY ENG) Mechanical Keyboard ‡∏Ñ‡∏µ‡∏¢‡πå‡∏ö‡∏≠‡∏£‡πå‡∏î‡πÑ‡∏£‡πâ‡∏™‡∏≤‡∏¢ Wireless,"‡∏ø3,690.00",5 ‡∏ä‡∏¥‡πâ‡∏ô
https://www.lazada.co.th/products/keychron-k10-hotswap-key-eng-mechanical-keyboard-wireless-100-i4025596343.html,Keychron K10 Hotswap (KEY ENG) Mechanical Keyboard ‡∏Ñ‡∏µ‡∏¢‡πå‡∏ö‡∏≠‡∏£‡πå‡∏î‡πÑ‡∏£‡πâ‡∏™‡∏≤‡∏¢ Wireless ‡πÅ‡∏ó‡πâ100%‡πÉ‡∏´‡∏°‡πà‡πÑ‡∏°‡πà‡πÅ‡∏Å‡∏∞ ‡∏ñ‡∏π‡∏Å‡∏™‡∏∏‡∏î‡πÉ‡∏ô‡πÇ‡∏•‡∏Å,"‡∏ø3,999.00",5 ‡∏ä‡∏¥‡πâ‡∏ô
https://www.lazada.co.th/products/keychron-k10-wireless-mechanical-keyboard-silent-switch-thai-100-i4373567981.html,Keychron K10 Wireless Mechanical Keyboard (Silent Switch) Thai (‡∏Ñ‡∏µ‡∏¢‡πå‡∏ö‡∏≠‡∏£‡πå‡∏î‡πÑ‡∏£‡πâ‡∏™‡∏≤‡∏¢‡∏†‡∏≤‡∏©‡∏≤‡πÑ‡∏ó‡∏¢‡∏Ç‡∏ô‡∏≤‡∏î 100%),"‡∏ø4,390.00",
https://www.lazada.co.th/products/keychron-k4-v2-aluminum-rgb-backlight-hot-swappable-dark-grey-th-i4369900335.html,Keychron K4 V.2 Aluminum RGB Backlight Hot-swappable Dark Grey (TH),"‡∏ø4,390.00",
https://www.lazada.co.th/products/keychron-k3-v2-ultraslim-84-75-i3808707452.html,Keychron K3 V2‡∏Ñ‡∏µ‡∏¢‡πå‡∏ö‡∏≠‡∏£‡πå‡∏î‡∏≠‡∏∞‡∏•‡∏π‡∏°‡∏¥‡πÄ‡∏ô‡∏µ‡∏¢‡∏°‡πÑ‡∏£‡πâ‡∏™‡∏≤‡∏¢‡πÑ‡∏°‡πà‡πÅ‡∏ö‡∏Ñ‡πÑ‡∏•‡∏ó‡πå Ultraslim ‡∏£‡∏π‡∏õ‡πÅ‡∏ö‡∏ö84-‡∏Ñ‡∏µ‡∏¢‡πå75%,"‡∏ø3,526.00",
https://www.lazada.co.th/products/keychron-v1-custom-keyboard-qmk-via-th-en-75-i4368307747.html,Keychron V1 Custom Keyboard QMK VIA TH-EN (‡∏Ñ‡∏±‡∏™‡∏ï‡πâ‡∏≠‡∏° ‡∏Ñ‡∏µ‡∏¢‡πå‡∏ö‡∏≠‡∏£‡πå‡∏î‡∏†‡∏≤‡∏©‡∏≤‡πÑ‡∏ó‡∏¢‡∏Ç‡∏ô‡∏≤‡∏î 75%),"‡∏ø3,990.00",
https://www.lazada.co.th/products/free-thai-sticker-keychron-k3-v2-wireless-mechanical-keyboard-gateron-switch-ultraslim-rgb-version-2-75-layout-wired-bluetooth-mechanical-keyboards-low-profile-hot-swappable-travel-bag-pouch-key-puller-hotswap-replacement-key-caps-for-mac-pc-windows-i4357754600.html,[Free Thai sticker] Keychron K3 V2 Wireless Mechanical Keyboard Gateron Switch Ultraslim RGB Version 2 75% Layout Wired / Bluetooth mechanical keyboards Low Profile Hot-Swappable Travel BAG Pouch Key puller HotSwap replacement key caps for mac pc windows,"‡∏ø1,214.00",
https://www.lazada.co.th/products/original-keychron-v1-rgb-75-qmk-custom-macroknob-key-i4035602123.html,Original Keychron V1 RGB ‡∏Ñ‡∏µ‡∏¢‡πå‡∏ö‡∏≠‡∏£‡πå‡∏î75‡∏Ñ‡∏µ‡∏¢‡πå‡∏Ñ‡∏µ‡∏¢‡πå‡∏ö‡∏≠‡∏£‡πå‡∏î‡πÅ‡∏ö‡∏ö‡∏°‡∏µ‡∏™‡∏≤‡∏¢ QMK ‡πÄ‡∏õ‡∏•‡∏µ‡πà‡∏¢‡∏ô‡∏Ñ‡∏µ‡∏¢‡πå‡∏ú‡πà‡∏≤‡∏ô Custom Macroknob Key,"‡∏ø2,773.00",
https://www.lazada.co.th/products/original-keychron-k10104-ergonomic-100-rgb-backlight-hot-swap-mac-windows-i4016704078.html,Original Keychron K10‡∏ö‡∏•‡∏π‡∏ó‡∏π‡∏ò‡πÑ‡∏£‡πâ‡∏™‡∏≤‡∏¢‡∏Ñ‡∏µ‡∏¢‡πå‡∏ö‡∏≠‡∏£‡πå‡∏î104‡∏Ñ‡∏µ‡∏¢‡πå Ergonomic 100% ‡∏£‡∏π‡∏õ‡πÅ‡∏ö‡∏ö‡∏Ç‡∏ô‡∏≤‡∏î‡πÄ‡∏ï‡πá‡∏° RGB Backlight Hot-Swap ‡∏™‡∏≥‡∏´‡∏£‡∏±‡∏ö Mac Windows,"‡∏ø3,807.00",
https://www.lazada.co.th/products/keychron-q1-barebones-qmk-via-custom-keyboard-75-i3191932103.html,Keychron Q1 Barebones QMK VIA Custom Keyboard ‡∏Ñ‡∏µ‡∏¢‡πå‡∏Ñ‡∏£‡∏≠‡∏ô ‡∏Ñ‡∏±‡∏™‡∏ï‡πâ‡∏≠‡∏°‡∏Ñ‡∏µ‡∏¢‡πå‡∏ö‡∏≠‡∏£‡πå‡∏î‡∏Ç‡∏ô‡∏≤‡∏î 75% ‡πÅ‡∏ö‡∏£‡πå‡πÇ‡∏ö‡∏ô,"‡∏ø5,590.00",7 ‡∏ä‡∏¥‡πâ‡∏ô
https://www.lazada.co.th/products/keychron-q3-knob-custom-mechanical-keyboard-type-b-th-i3911197645.html,Keychron Q3 Knob Custom Mechanical Keyboard Type B (TH),"‡∏ø6,790.00",
https://www.lazada.co.th/products/keychron-q0-barebones-qmk-via-custom-numpad-keyboard-i4198337358.html,Keychron Q0 Barebones QMK VIA Custom Numpad Keyboard ‡∏Ñ‡∏µ‡∏¢‡πå‡∏Ñ‡∏£‡∏≠‡∏ô ‡∏Ñ‡∏µ‡∏¢‡πå‡∏ö‡∏≠‡∏£‡πå‡∏î ‡∏ô‡∏±‡∏°‡πÅ‡∏û‡∏î ‡πÅ‡∏ö‡∏£‡πå‡πÇ‡∏ö‡∏ô,"‡∏ø3,190.00",
https://www.lazada.co.th/products/keychron-k3-d-v2-ultra-slim-wireless-mechanical-keyboard-switch-rgb-backlit-low-profile-keyboard-optical-compatible-with-winmac-i4284903110.html,Keychron K3 D V2 Ultra-slim Wireless Mechanical Keyboard Switch RGB Backlit Low Profile Keyboard Optical Compatible With WINMac,‡∏ø719.37,
https://www.lazada.co.th/products/keychron-k1-v4-low-profile-keyboard-87-keys-eng-tkl-87-i3005883079.html,Keychron K1 V.4 Low profile Keyboard 87 Keys ENG (‡∏Ñ‡∏µ‡∏¢‡πå‡∏ö‡∏≠‡∏£‡πå‡∏î‡πÑ‡∏£‡πâ‡∏™‡∏≤‡∏¢‡∏†‡∏≤‡∏©‡∏≤‡∏≠‡∏±‡∏á‡∏Å‡∏§‡∏©‡∏Ç‡∏ô‡∏≤‡∏î TKL 87‡∏õ‡∏∏‡πà‡∏°),"‡∏ø4,090.00",
https://www.lazada.co.th/products/original-keychron-k7-ultra-slim-rgb-wireless-mechanical-keyboard-65-low-profile-keyboard-hot-swappable-keyboard-i3901775762.html,Original Keychron K7 Ultra-Slim RGB Wireless Mechanical Keyboard 65% Low Profile Keyboard Hot-Swappable Keyboard,"‡∏ø3,090.00",
https://www.lazada.co.th/products/original-keychron-k8-pro-qmkvia-hotswap-80-rgb-3-dual-system-compatible-i4075753497.html,Original Keychron K8 Pro Qmk/via ‡∏Ñ‡∏µ‡∏¢‡πå‡∏ö‡∏≠‡∏£‡πå‡∏î‡πÑ‡∏£‡πâ‡∏™‡∏≤‡∏¢ Hotswap ‡∏≠‡∏•‡∏π‡∏°‡∏¥‡πÄ‡∏ô‡∏µ‡∏¢‡∏°80% ‡∏£‡∏π‡∏õ‡πÅ‡∏ö‡∏ö RGB ‡∏ö‡∏•‡∏π‡∏ó‡∏π‡∏ò‡πÑ‡∏£‡πâ‡∏™‡∏≤‡∏¢3‡πÇ‡∏´‡∏°‡∏î Dual-System Compatible,"‡∏ø3,738.00",
https://www.lazada.co.th/products/keychron-k3-v2-ultra-slim-wireless-low-profile-gateron-non-backlight-mac-windows-i4048939343.html,Keychron K3 V2 Ultra-Slim Wireless ‡πÅ‡∏õ‡πâ‡∏ô‡∏û‡∏¥‡∏°‡∏û‡πå Low Profile ‡∏™‡∏ß‡∏¥‡∏ï‡∏ä‡πå Gateron Non-Backlight ‡∏™‡∏≥‡∏´‡∏£‡∏±‡∏ö Mac Windows,"‡∏ø3,227.00",
https://www.lazada.co.th/products/keychron-v460-qmk-keychron-k-pro-mac-windows-i4282140375.html,Keychron V4‡∏Ñ‡∏µ‡∏¢‡πå‡∏ö‡∏≠‡∏£‡πå‡∏î‡πÅ‡∏ö‡∏ö‡∏Å‡∏•‡πÑ‡∏Å‡πÅ‡∏ö‡∏ö‡∏°‡∏µ‡∏™‡∏≤‡∏¢‡∏ó‡∏µ‡πà‡∏Å‡∏≥‡∏´‡∏ô‡∏î‡πÄ‡∏≠‡∏á‡πÄ‡∏Ñ‡πâ‡∏≤‡πÇ‡∏Ñ‡∏£‡∏á60% Qmk/ ‡πÇ‡∏õ‡∏£‡πÅ‡∏Å‡∏£‡∏°‡πÑ‡∏î‡πâ‡∏û‡∏£‡πâ‡∏≠‡∏°‡∏™‡∏ß‡∏¥‡∏ó‡∏ä‡πå‡∏™‡∏µ‡πÅ‡∏î‡∏á Keychron K Pro ‡∏ó‡∏µ‡πà‡πÄ‡∏Ç‡πâ‡∏≤‡∏Å‡∏±‡∏ô‡πÑ‡∏î‡πâ‡∏Å‡∏±‡∏ö‡πÄ‡∏°‡∏≤‡∏™‡πå Mac Windows ‡∏•‡∏¥‡∏ô‡∏∏‡∏Å‡∏ã‡πå,"‡∏ø2,346.24",
https://www.lazada.co.th/products/keychron-v1-rgb-75-qmk-custom-macroknob-key-i4122782490.html,Keychron V1 RGB ‡∏Ñ‡∏µ‡∏¢‡πå‡∏ö‡∏≠‡∏£‡πå‡∏î75‡∏Ñ‡∏µ‡∏¢‡πå‡∏Ñ‡∏µ‡∏¢‡πå‡∏ö‡∏≠‡∏£‡πå‡∏î‡πÅ‡∏ö‡∏ö‡∏°‡∏µ‡∏™‡∏≤‡∏¢ QMK ‡πÄ‡∏õ‡∏•‡∏µ‡πà‡∏¢‡∏ô‡∏Ñ‡∏µ‡∏¢‡πå‡∏ú‡πà‡∏≤‡∏ô Custom Macroknob Key,"‡∏ø2,677.00",
https://www.lazada.co.th/products/keychron-k3-b-v2-gateron-rgb-backlit-mac-windows-i4265309060.html,Keychron K3 B V2‡∏ö‡∏≤‡∏á‡πÄ‡∏â‡∏µ‡∏¢‡∏ö‡πÑ‡∏£‡πâ‡∏™‡∏≤‡∏¢‡∏ß‡∏¥‡∏®‡∏ß‡∏Å‡∏£‡∏£‡∏°‡∏£‡∏≤‡∏¢‡∏•‡∏∞‡πÄ‡∏≠‡∏µ‡∏¢‡∏î‡∏ï‡πà‡∏≥‡πÅ‡∏õ‡πâ‡∏ô‡∏û‡∏¥‡∏°‡∏û‡πå Gateron ‡∏™‡∏ß‡∏¥‡∏ó‡∏ä‡πå RGB Backlit ‡∏™‡∏≥‡∏´‡∏£‡∏±‡∏ö Mac Windows,"‡∏ø4,973.00",
https://www.lazada.co.th/products/keychron-k4-b-v2-wrgb-backlight-gateron-switch-usb-gaming-i4111491975.html,Keychron K4 B V2‡∏ö‡∏•‡∏π‡∏ó‡∏π‡∏ò‡πÑ‡∏£‡πâ‡∏™‡∏≤‡∏¢‡∏Ñ‡∏µ‡∏¢‡πå‡∏ö‡∏≠‡∏£‡πå‡∏î W/rgb Backlight Gateron Switch ‡∏Ñ‡∏µ‡∏¢‡πå‡∏ö‡∏≠‡∏£‡πå‡∏î USB Gaming,"‡∏ø6,107.00",
https://www.lazada.co.th/products/original-keychron-k6-pro-qmk-bluetooth-51-hot-swappable-i4245485891.html,Original Keychron K6 Pro Qmk/ ‡∏ú‡πà‡∏≤‡∏ô‡∏Ñ‡∏µ‡∏¢‡πå‡∏ö‡∏≠‡∏£‡πå‡∏î‡πÑ‡∏£‡πâ‡∏™‡∏≤‡∏¢ Bluetooth 5.1‡∏õ‡∏£‡∏∞‡∏Å‡∏≠‡∏ö‡∏≠‡∏¢‡πà‡∏≤‡∏á‡πÄ‡∏ï‡πá‡∏°‡∏ó‡∏µ‡πà Hot Swappable ‡∏Ñ‡∏µ‡∏¢‡πå‡∏ö‡∏≠‡∏£‡πå‡∏î,"‡∏ø3,835.00",
https://www.lazada.co.th/products/keychron-k4-h-v2-wrgb-backlight-hot-swappable-switch-usb-gaming-keyboard-i4111494977.html,Keychron K4 H V2‡∏ö‡∏•‡∏π‡∏ó‡∏π‡∏ò‡∏Ñ‡∏µ‡∏¢‡πå‡∏ö‡∏≠‡∏£‡πå‡∏î‡πÑ‡∏£‡πâ‡∏™‡∏≤‡∏¢ W/rgb Backlight Hot-Swappable Switch ‡πÅ‡∏ö‡∏ö‡∏°‡∏µ‡∏™‡∏≤‡∏¢ USB Gaming Keyboard,"‡∏ø6,655.00",
https://www.lazada.co.th/products/keychron-k6-68-key-usb-rgb-backlit-gateron-i4252119474.html,Keychron K6 68-Key USB ‡∏ö‡∏•‡∏π‡∏ó‡∏π‡∏ò RGB Backlit Gateron ‡∏™‡∏ß‡∏¥‡∏ó‡∏ä‡πå‡∏Ñ‡∏≠‡∏°‡∏û‡∏¥‡∏ß‡πÄ‡∏ï‡∏≠‡∏£‡πå‡∏ß‡∏¥‡∏®‡∏ß‡∏Å‡∏£‡∏£‡∏°‡πÅ‡∏õ‡πâ‡∏ô‡∏û‡∏¥‡∏°‡∏û‡πå‡∏Å‡∏£‡∏≠‡∏ö‡∏û‡∏•‡∏≤‡∏™‡∏ï‡∏¥‡∏Å,"‡∏ø1,777.00",
https://www.lazada.co.th/products/keychron-k1-wireless-keyboard-version-5-keyboard-thai-tkl-i4304473213.html,Keychron K1 Wireless Keyboard (Version 5) Keyboard Thai (‡∏Ñ‡∏µ‡∏¢‡πå‡∏ö‡∏≠‡∏£‡πå‡∏î‡πÑ‡∏£‡πâ‡∏™‡∏≤‡∏¢‡∏†‡∏≤‡∏©‡∏≤‡πÑ‡∏ó‡∏¢‡∏Ç‡∏ô‡∏≤‡∏î TKL),"‡∏ø4,090.00",8 ‡∏ä‡∏¥‡πâ‡∏ô
https://www.lazada.co.th/products/keychron-k12-rgb-hotswap-aluminium-key-eng-mechanical-keyboard-wireless-100-i3082059874.html,Keychron K12 RGB Hotswap Aluminium (Key ENG) Mechanical Keyboard ‡∏Ñ‡∏µ‡∏¢‡πå‡∏ö‡∏≠‡∏£‡πå‡∏î‡πÑ‡∏£‡πâ‡∏™‡∏≤‡∏¢ Wireless ‡πÅ‡∏ó‡πâ100% ‡∏ñ‡∏π‡∏Å‡∏™‡∏∏‡∏î‡πÉ‡∏ô‡πÇ‡∏•‡∏Å,"‡∏ø3,390.00",
https://www.lazada.co.th/products/keychron-k4-hotswap-key-eng-mechanical-keyboard-wireless-100-i4025624141.html,Keychron K4 hotswap (Key ENG) Mechanical Keyboard ‡∏Ñ‡∏µ‡∏¢‡πå‡∏ö‡∏≠‡∏£‡πå‡∏î‡πÑ‡∏£‡πâ‡∏™‡∏≤‡∏¢ Wireless ‡πÅ‡∏ó‡πâ100% ‡∏ñ‡∏π‡∏Å‡∏™‡∏∏‡∏î‡πÉ‡∏ô‡πÇ‡∏•‡∏Å,"‡∏ø3,799.00",
https://www.lazada.co.th/products/keychron-k3-rgb-low-profile-keyboard-mechanical-keyboard-wireless-100-i3082118450.html,Keychron K3 RGB Low Profile Keyboard Mechanical Keyboard ‡∏Ñ‡∏µ‡∏¢‡πå‡∏ö‡∏≠‡∏£‡πå‡∏î‡πÑ‡∏£‡πâ‡∏™‡∏≤‡∏¢ Wireless ‡πÅ‡∏ó‡πâ100% ‡∏ñ‡∏π‡∏Å‡∏™‡∏∏‡∏î‡πÉ‡∏ô‡πÇ‡∏•‡∏Å,"‡∏ø3,290.00",22 ‡∏ä‡∏¥‡πâ‡∏ô
https://www.lazada.co.th/products/in-stock-keychron-k4-v2-mode-5-1-i4019688539.html,[‡∏õ‡∏£‡∏∞‡∏Å‡∏±‡∏ô‡πÑ‡∏ó‡∏¢] [in stock] Keychron K4 V2 ‡∏Ñ‡∏µ‡∏¢‡πå‡∏ö‡∏≠‡∏£‡πå‡∏î ‡∏™‡∏¥‡∏ô‡∏Ñ‡πâ‡∏≤‡∏ñ‡πà‡∏≤‡∏¢‡∏à‡∏≤‡∏Å‡∏á‡∏≤‡∏ô‡∏à‡∏£‡∏¥‡∏á üíØ% ‡∏Ñ‡∏µ‡∏¢‡πå‡∏ö‡∏≠‡∏£‡πå‡∏î‡∏ö‡∏•‡∏π‡∏ó‡∏π‡∏ò ‡πÅ‡∏ö‡∏ö‡πÑ‡∏£‡πâ‡∏™‡∏≤‡∏¢ - Mode 5 . 1 ‡∏Ñ‡∏µ‡∏¢‡πå‡∏†‡∏≤‡∏©‡∏≤‡πÑ‡∏ó‡∏¢,"‡∏ø3,150.00",67 ‡∏ä‡∏¥‡πâ‡∏ô
https://www.lazada.co.th/products/keychron-k10-wireless-mechanical-keyboard-silent-red-switch-thai-100-i4376251710.html,Keychron K10 Wireless Mechanical Keyboard (Silent Red Switch) Thai (‡∏Ñ‡∏µ‡∏¢‡πå‡∏ö‡∏≠‡∏£‡πå‡∏î‡πÑ‡∏£‡πâ‡∏™‡∏≤‡∏¢‡∏†‡∏≤‡∏©‡∏≤‡πÑ‡∏ó‡∏¢‡∏Ç‡∏ô‡∏≤‡∏î 100%),"‡∏ø4,390.00",
https://www.lazada.co.th/products/keychron-k1-se-mac-windows-i3983876265.html,Keychron K1 SE ‡πÅ‡∏™‡∏á‡πÑ‡∏ü‡∏™‡∏µ‡∏Ç‡∏≤‡∏ß‡∏£‡∏≤‡∏¢‡∏•‡∏∞‡πÄ‡∏≠‡∏µ‡∏¢‡∏î‡∏ï‡πà‡∏≥‡∏≠‡∏≠‡∏õ‡∏ï‡∏¥‡∏Ñ‡∏≠‡∏•‡∏™‡∏ß‡∏¥‡∏ó‡∏ä‡πå‡∏£‡πâ‡∏≠‡∏ô‡∏ñ‡∏≠‡∏î‡πÄ‡∏õ‡∏•‡∏µ‡πà‡∏¢‡∏ô‡πÑ‡∏î‡πâ‡∏Ñ‡∏µ‡∏¢‡πå‡∏ö‡∏≠‡∏£‡πå‡∏î‡πÑ‡∏£‡πâ‡∏™‡∏≤‡∏¢‡∏Å‡∏•‡∏™‡∏≥‡∏´‡∏£‡∏±‡∏ö Mac Windows,"‡∏ø3,299.00",
https://www.lazada.co.th/products/keychron-k4-g-v2-w-backlight-hot-swappable-switch-usb-i2412187148.html,Keychron K4 G V2‡∏ö‡∏•‡∏π‡∏ó‡∏π‡∏ò‡πÑ‡∏£‡πâ‡∏™‡∏≤‡∏¢‡∏Ñ‡∏µ‡∏¢‡πå‡∏ö‡∏≠‡∏£‡πå‡∏î‡πÅ‡∏ö‡∏ö‡∏Å‡∏•‡πÑ‡∏Å W/‡∏™‡∏µ‡∏Ç‡∏≤‡∏ß Backlight Hot-Swappable Switch ‡∏Å‡∏≤‡∏£‡πÄ‡∏•‡πà‡∏ô‡πÄ‡∏Å‡∏° USB ‡πÅ‡∏ö‡∏ö‡∏°‡∏µ‡∏™‡∏≤‡∏¢‡πÅ‡∏õ‡πâ‡∏ô‡∏û‡∏¥‡∏°‡∏û‡πå,"‡∏ø3,599.00",
https://www.lazada.co.th/products/keychron-k7-gateron-mac-windows-i3586882702.html,Keychron K7‡∏Ñ‡∏µ‡∏¢‡πå‡∏ö‡∏≠‡∏£‡πå‡∏î‡∏Å‡∏•‡πÑ‡∏Å‡πÑ‡∏£‡πâ‡∏™‡∏≤‡∏¢‡∏ö‡∏≤‡∏á‡πÄ‡∏â‡∏µ‡∏¢‡∏ö‡∏™‡∏ß‡∏¥‡∏ï‡∏ä‡πå Gateron ‡∏£‡∏≤‡∏¢‡∏•‡∏∞‡πÄ‡∏≠‡∏µ‡∏¢‡∏î‡∏ï‡πà‡∏≥‡πÑ‡∏ü‡πÅ‡∏ö‡πá‡∏Ñ‡πÑ‡∏•‡∏ó‡πå‡πÄ‡∏õ‡∏¥‡∏î‡πÑ‡∏î‡πâ‡∏™‡∏≥‡∏´‡∏£‡∏±‡∏ö Mac Windows,"‡∏ø3,299.00",
https://www.lazada.co.th/products/keychron-k4-v2-mode-5-1-i3592149430.html,Keychron K4 V2  ‡πÄ‡∏≠‡∏ü‡πÄ‡∏ü‡∏Å‡∏ï‡πå‡πÅ‡∏™‡∏á‡∏´‡∏•‡∏≤‡∏¢‡πÇ‡∏´‡∏°‡∏î‡πÅ‡∏ö‡∏ö‡∏Ñ‡∏π‡πà ‡∏Ñ‡∏µ‡∏¢‡πå‡∏ö‡∏≠‡∏£‡πå‡∏î‡∏ö‡∏•‡∏π‡∏ó‡∏π‡∏ò ‡πÅ‡∏ö‡∏ö‡πÑ‡∏£‡πâ‡∏™‡∏≤‡∏¢ - Mode 5 . 1  ‡∏Ç‡∏≠‡∏á‡πÉ‡∏´‡∏°‡πà‡πÅ‡∏ó‡πâüíØ%,"‡∏ø3,150.00",139 ‡∏ä‡∏¥‡πâ‡∏ô
https://www.lazada.co.th/products/keychron-k3-ultra-slim-wireless-mechanical-low-profile-keyboard-optical-hot-swappable-switch-backlit-mac-windows-i3918269158.html,Keychron K3 Ultra-Slim Wireless Mechanical Low Profile Keyboard Optical Hot-Swappable Switch Backlit ‡∏™‡∏µ‡∏Ç‡∏≤‡∏ß‡∏™‡∏≥‡∏´‡∏£‡∏±‡∏ö Mac Windows,"‡∏ø2,517.00",
https://www.lazada.co.th/products/100keychron-k4-v2-51-rgb-wireless-mechanical-keyboard-i3996390597.html,„Äê‡∏û‡∏£‡πâ‡∏≠‡∏°‡∏™‡πà‡∏á‡∏Ç‡∏≠‡∏á‡πÅ‡∏ó‡πâ100%„ÄëKeychron K4 V2 ‡∏Ñ‡∏µ‡∏¢‡πå‡∏ö‡∏≠‡∏£‡πå‡∏î‡πÑ‡∏£‡πâ‡∏™‡∏≤‡∏¢ ‡∏ö‡∏•‡∏π‡∏ó‡∏π‡∏ò 5.1 RGB Wireless mechanical keyboard ‡πÇ‡∏´‡∏°‡∏î‡∏Ñ‡∏π‡πà ‡πÄ‡∏≠‡∏ü‡πÄ‡∏ü‡∏Ñ‡πÑ‡∏ü‡∏´‡∏•‡∏≤‡∏¢‡πÅ‡∏ö‡∏ö,"‡∏ø3,140.00",56 ‡∏ä‡∏¥‡πâ‡∏ô
https://www.lazada.co.th/products/keychron-v1-custom-keyboard-qmk-via-th-en-75-i4376380318.html,Keychron V1 Custom Keyboard QMK VIA TH-EN (‡∏Ñ‡∏±‡∏™‡∏ï‡πâ‡∏≠‡∏° ‡∏Ñ‡∏µ‡∏¢‡πå‡∏ö‡∏≠‡∏£‡πå‡∏î‡∏†‡∏≤‡∏©‡∏≤‡πÑ‡∏ó‡∏¢‡∏Ç‡∏ô‡∏≤‡∏î 75%),"‡∏ø3,990.00",
https://www.lazada.co.th/products/keychron-k4-wireless-keyboard-thai-96-i764908220.html,Keychron K4 Wireless Keyboard Thai (‡∏Ñ‡∏µ‡∏¢‡πå‡∏ö‡∏≠‡∏£‡πå‡∏î‡πÑ‡∏£‡πâ‡∏™‡∏≤‡∏¢‡∏†‡∏≤‡∏©‡∏≤‡πÑ‡∏ó‡∏¢‡∏Ç‡∏ô‡∏≤‡∏î 96%),"‡∏ø4,390.00",792 ‡∏ä‡∏¥‡πâ‡∏ô
https://www.lazada.co.th/products/keychron-k1-se-d-mac-windows-i4278851161.html,Keychron K1 SE D ‡∏™‡∏ß‡∏¥‡∏ï‡∏ä‡πå‡∏≠‡∏≠‡∏õ‡∏ï‡∏¥‡∏Ñ‡∏≠‡∏•‡∏Å‡∏•‡πà‡∏≠‡∏á‡πÄ‡∏Ñ‡∏™‡∏≠‡∏∞‡∏•‡∏π‡∏°‡∏¥‡πÄ‡∏ô‡∏µ‡∏¢‡∏°‡πÅ‡∏™‡∏á‡∏™‡∏µ‡∏Ç‡∏≤‡∏ß‡∏Ñ‡∏µ‡∏¢‡πå‡∏ö‡∏≠‡∏£‡πå‡∏î‡πÅ‡∏ö‡∏ö‡∏Å‡∏•‡πÑ‡∏Å‡πÑ‡∏£‡πâ‡∏™‡∏≤‡∏¢‡∏™‡∏≥‡∏´‡∏£‡∏±‡∏ö‡πÄ‡∏°‡∏≤‡∏™‡πå Mac Windows,"‡∏ø2,799.00",
https://www.lazada.co.th/products/keychron-k3-v2-rgb-en-wireless-mechanical-keyboard-aluminum-frame-k3v2-k3-v2-i3333048717.html,Keychron K3 V.2 RGB (EN) Wireless Mechanical Keyboard Aluminum Frame ‡∏Ñ‡∏µ‡∏¢‡πå‡∏ö‡∏≠‡∏£‡πå‡∏î‡πÑ‡∏£‡πâ‡∏™‡∏≤‡∏¢ ‡∏Ñ‡∏µ‡∏¢‡πå‡∏ö‡∏≠‡∏£‡πå‡∏î k3v2 k3 v.2,"‡∏ø3,050.00",7 ‡∏ä‡∏¥‡πâ‡∏ô
https://www.lazada.co.th/products/keychron-k8-hotswap-key-eng-mechanical-keyboard-wireless-i3082182019.html,Keychron K8 Hotswap (KEY ENG) Mechanical Keyboard ‡∏Ñ‡∏µ‡∏¢‡πå‡∏ö‡∏≠‡∏£‡πå‡∏î‡πÑ‡∏£‡πâ‡∏™‡∏≤‡∏¢ Wireless,"‡∏ø3,690.00",5 ‡∏ä‡∏¥‡πâ‡∏ô
https://www.lazada.co.th/products/keychron-k10-hotswap-key-eng-mechanical-keyboard-wireless-100-i4025596343.html,Keychron K10 Hotswap (KEY ENG) Mechanical Keyboard ‡∏Ñ‡∏µ‡∏¢‡πå‡∏ö‡∏≠‡∏£‡πå‡∏î‡πÑ‡∏£‡πâ‡∏™‡∏≤‡∏¢ Wireless ‡πÅ‡∏ó‡πâ100%‡πÉ‡∏´‡∏°‡πà‡πÑ‡∏°‡πà‡πÅ‡∏Å‡∏∞ ‡∏ñ‡∏π‡∏Å‡∏™‡∏∏‡∏î‡πÉ‡∏ô‡πÇ‡∏•‡∏Å,"‡∏ø3,999.00",5 ‡∏ä‡∏¥‡πâ‡∏ô
https://www.lazada.co.th/products/keychron-k10-wireless-mechanical-keyboard-silent-switch-thai-100-i4373567981.html,Keychron K10 Wireless Mechanical Keyboard (Silent Switch) Thai (‡∏Ñ‡∏µ‡∏¢‡πå‡∏ö‡∏≠‡∏£‡πå‡∏î‡πÑ‡∏£‡πâ‡∏™‡∏≤‡∏¢‡∏†‡∏≤‡∏©‡∏≤‡πÑ‡∏ó‡∏¢‡∏Ç‡∏ô‡∏≤‡∏î 100%),"‡∏ø4,390.00",
https://www.lazada.co.th/products/keychron-k4-v2-aluminum-rgb-backlight-hot-swappable-dark-grey-th-i4369900335.html,Keychron K4 V.2 Aluminum RGB Backlight Hot-swappable Dark Grey (TH),"‡∏ø4,390.00",
https://www.lazada.co.th/products/keychron-k3-v2-ultraslim-84-75-i3808707452.html,Keychron K3 V2‡∏Ñ‡∏µ‡∏¢‡πå‡∏ö‡∏≠‡∏£‡πå‡∏î‡∏≠‡∏∞‡∏•‡∏π‡∏°‡∏¥‡πÄ‡∏ô‡∏µ‡∏¢‡∏°‡πÑ‡∏£‡πâ‡∏™‡∏≤‡∏¢‡πÑ‡∏°‡πà‡πÅ‡∏ö‡∏Ñ‡πÑ‡∏•‡∏ó‡πå Ultraslim ‡∏£‡∏π‡∏õ‡πÅ‡∏ö‡∏ö84-‡∏Ñ‡∏µ‡∏¢‡πå75%,"‡∏ø3,526.00",
https://www.lazada.co.th/products/keychron-v1-custom-keyboard-qmk-via-th-en-75-i4368307747.html,Keychron V1 Custom Keyboard QMK VIA TH-EN (‡∏Ñ‡∏±‡∏™‡∏ï‡πâ‡∏≠‡∏° ‡∏Ñ‡∏µ‡∏¢‡πå‡∏ö‡∏≠‡∏£‡πå‡∏î‡∏†‡∏≤‡∏©‡∏≤‡πÑ‡∏ó‡∏¢‡∏Ç‡∏ô‡∏≤‡∏î 75%),"‡∏ø3,990.00",
https://www.lazada.co.th/products/free-thai-sticker-keychron-k3-v2-wireless-mechanical-keyboard-gateron-switch-ultraslim-rgb-version-2-75-layout-wired-bluetooth-mechanical-keyboards-low-profile-hot-swappable-travel-bag-pouch-key-puller-hotswap-replacement-key-caps-for-mac-pc-windows-i4357754600.html,[Free Thai sticker] Keychron K3 V2 Wireless Mechanical Keyboard Gateron Switch Ultraslim RGB Version 2 75% Layout Wired / Bluetooth mechanical keyboards Low Profile Hot-Swappable Travel BAG Pouch Key puller HotSwap replacement key caps for mac pc windows,"‡∏ø1,214.00",
https://www.lazada.co.th/products/original-keychron-v1-rgb-75-qmk-custom-macroknob-key-i4035602123.html,Original Keychron V1 RGB ‡∏Ñ‡∏µ‡∏¢‡πå‡∏ö‡∏≠‡∏£‡πå‡∏î75‡∏Ñ‡∏µ‡∏¢‡πå‡∏Ñ‡∏µ‡∏¢‡πå‡∏ö‡∏≠‡∏£‡πå‡∏î‡πÅ‡∏ö‡∏ö‡∏°‡∏µ‡∏™‡∏≤‡∏¢ QMK ‡πÄ‡∏õ‡∏•‡∏µ‡πà‡∏¢‡∏ô‡∏Ñ‡∏µ‡∏¢‡πå‡∏ú‡πà‡∏≤‡∏ô Custom Macroknob Key,"‡∏ø2,773.00",
https://www.lazada.co.th/products/original-keychron-k10104-ergonomic-100-rgb-backlight-hot-swap-mac-windows-i4016704078.html,Original Keychron K10‡∏ö‡∏•‡∏π‡∏ó‡∏π‡∏ò‡πÑ‡∏£‡πâ‡∏™‡∏≤‡∏¢‡∏Ñ‡∏µ‡∏¢‡πå‡∏ö‡∏≠‡∏£‡πå‡∏î104‡∏Ñ‡∏µ‡∏¢‡πå Ergonomic 100% ‡∏£‡∏π‡∏õ‡πÅ‡∏ö‡∏ö‡∏Ç‡∏ô‡∏≤‡∏î‡πÄ‡∏ï‡πá‡∏° RGB Backlight Hot-Swap ‡∏™‡∏≥‡∏´‡∏£‡∏±‡∏ö Mac Windows,"‡∏ø3,807.00",
https://www.lazada.co.th/products/keychron-q1-barebones-qmk-via-custom-keyboard-75-i3191932103.html,Keychron Q1 Barebones QMK VIA Custom Keyboard ‡∏Ñ‡∏µ‡∏¢‡πå‡∏Ñ‡∏£‡∏≠‡∏ô ‡∏Ñ‡∏±‡∏™‡∏ï‡πâ‡∏≠‡∏°‡∏Ñ‡∏µ‡∏¢‡πå‡∏ö‡∏≠‡∏£‡πå‡∏î‡∏Ç‡∏ô‡∏≤‡∏î 75% ‡πÅ‡∏ö‡∏£‡πå‡πÇ‡∏ö‡∏ô,"‡∏ø5,590.00",7 ‡∏ä‡∏¥‡πâ‡∏ô
https://www.lazada.co.th/products/keychron-q3-knob-custom-mechanical-keyboard-type-b-th-i3911197645.html,Keychron Q3 Knob Custom Mechanical Keyboard Type B (TH),"‡∏ø6,790.00",
https://www.lazada.co.th/products/keychron-q0-barebones-qmk-via-custom-numpad-keyboard-i4198337358.html,Keychron Q0 Barebones QMK VIA Custom Numpad Keyboard ‡∏Ñ‡∏µ‡∏¢‡πå‡∏Ñ‡∏£‡∏≠‡∏ô ‡∏Ñ‡∏µ‡∏¢‡πå‡∏ö‡∏≠‡∏£‡πå‡∏î ‡∏ô‡∏±‡∏°‡πÅ‡∏û‡∏î ‡πÅ‡∏ö‡∏£‡πå‡πÇ‡∏ö‡∏ô,"‡∏ø3,190.00",
https://www.lazada.co.th/products/keychron-k3-d-v2-ultra-slim-wireless-mechanical-keyboard-switch-rgb-backlit-low-profile-keyboard-optical-compatible-with-winmac-i4284903110.html,Keychron K3 D V2 Ultra-slim Wireless Mechanical Keyboard Switch RGB Backlit Low Profile Keyboard Optical Compatible With WINMac,‡∏ø719.37,
https://www.lazada.co.th/products/keychron-k1-v4-low-profile-keyboard-87-keys-eng-tkl-87-i3005883079.html,Keychron K1 V.4 Low profile Keyboard 87 Keys ENG (‡∏Ñ‡∏µ‡∏¢‡πå‡∏ö‡∏≠‡∏£‡πå‡∏î‡πÑ‡∏£‡πâ‡∏™‡∏≤‡∏¢‡∏†‡∏≤‡∏©‡∏≤‡∏≠‡∏±‡∏á‡∏Å‡∏§‡∏©‡∏Ç‡∏ô‡∏≤‡∏î TKL 87‡∏õ‡∏∏‡πà‡∏°),"‡∏ø4,090.00",
https://www.lazada.co.th/products/original-keychron-k7-ultra-slim-rgb-wireless-mechanical-keyboard-65-low-profile-keyboard-hot-swappable-keyboard-i3901775762.html,Original Keychron K7 Ultra-Slim RGB Wireless Mechanical Keyboard 65% Low Profile Keyboard Hot-Swappable Keyboard,"‡∏ø3,090.00",
https://www.lazada.co.th/products/original-keychron-k8-pro-qmkvia-hotswap-80-rgb-3-dual-system-compatible-i4075753497.html,Original Keychron K8 Pro Qmk/via ‡∏Ñ‡∏µ‡∏¢‡πå‡∏ö‡∏≠‡∏£‡πå‡∏î‡πÑ‡∏£‡πâ‡∏™‡∏≤‡∏¢ Hotswap ‡∏≠‡∏•‡∏π‡∏°‡∏¥‡πÄ‡∏ô‡∏µ‡∏¢‡∏°80% ‡∏£‡∏π‡∏õ‡πÅ‡∏ö‡∏ö RGB ‡∏ö‡∏•‡∏π‡∏ó‡∏π‡∏ò‡πÑ‡∏£‡πâ‡∏™‡∏≤‡∏¢3‡πÇ‡∏´‡∏°‡∏î Dual-System Compatible,"‡∏ø3,738.00",
https://www.lazada.co.th/products/keychron-k3-v2-ultra-slim-wireless-low-profile-gateron-non-backlight-mac-windows-i4048939343.html,Keychron K3 V2 Ultra-Slim Wireless ‡πÅ‡∏õ‡πâ‡∏ô‡∏û‡∏¥‡∏°‡∏û‡πå Low Profile ‡∏™‡∏ß‡∏¥‡∏ï‡∏ä‡πå Gateron Non-Backlight ‡∏™‡∏≥‡∏´‡∏£‡∏±‡∏ö Mac Windows,"‡∏ø3,227.00",
https://www.lazada.co.th/products/keychron-v460-qmk-keychron-k-pro-mac-windows-i4282140375.html,Keychron V4‡∏Ñ‡∏µ‡∏¢‡πå‡∏ö‡∏≠‡∏£‡πå‡∏î‡πÅ‡∏ö‡∏ö‡∏Å‡∏•‡πÑ‡∏Å‡πÅ‡∏ö‡∏ö‡∏°‡∏µ‡∏™‡∏≤‡∏¢‡∏ó‡∏µ‡πà‡∏Å‡∏≥‡∏´‡∏ô‡∏î‡πÄ‡∏≠‡∏á‡πÄ‡∏Ñ‡πâ‡∏≤‡πÇ‡∏Ñ‡∏£‡∏á60% Qmk/ ‡πÇ‡∏õ‡∏£‡πÅ‡∏Å‡∏£‡∏°‡πÑ‡∏î‡πâ‡∏û‡∏£‡πâ‡∏≠‡∏°‡∏™‡∏ß‡∏¥‡∏ó‡∏ä‡πå‡∏™‡∏µ‡πÅ‡∏î‡∏á Keychron K Pro ‡∏ó‡∏µ‡πà‡πÄ‡∏Ç‡πâ‡∏≤‡∏Å‡∏±‡∏ô‡πÑ‡∏î‡πâ‡∏Å‡∏±‡∏ö‡πÄ‡∏°‡∏≤‡∏™‡πå Mac Windows ‡∏•‡∏¥‡∏ô‡∏∏‡∏Å‡∏ã‡πå,"‡∏ø2,346.24",
https://www.lazada.co.th/products/keychron-v1-rgb-75-qmk-custom-macroknob-key-i4122782490.html,Keychron V1 RGB ‡∏Ñ‡∏µ‡∏¢‡πå‡∏ö‡∏≠‡∏£‡πå‡∏î75‡∏Ñ‡∏µ‡∏¢‡πå‡∏Ñ‡∏µ‡∏¢‡πå‡∏ö‡∏≠‡∏£‡πå‡∏î‡πÅ‡∏ö‡∏ö‡∏°‡∏µ‡∏™‡∏≤‡∏¢ QMK ‡πÄ‡∏õ‡∏•‡∏µ‡πà‡∏¢‡∏ô‡∏Ñ‡∏µ‡∏¢‡πå‡∏ú‡πà‡∏≤‡∏ô Custom Macroknob Key,"‡∏ø2,677.00",
https://www.lazada.co.th/products/keychron-k3-b-v2-gateron-rgb-backlit-mac-windows-i4265309060.html,Keychron K3 B V2‡∏ö‡∏≤‡∏á‡πÄ‡∏â‡∏µ‡∏¢‡∏ö‡πÑ‡∏£‡πâ‡∏™‡∏≤‡∏¢‡∏ß‡∏¥‡∏®‡∏ß‡∏Å‡∏£‡∏£‡∏°‡∏£‡∏≤‡∏¢‡∏•‡∏∞‡πÄ‡∏≠‡∏µ‡∏¢‡∏î‡∏ï‡πà‡∏≥‡πÅ‡∏õ‡πâ‡∏ô‡∏û‡∏¥‡∏°‡∏û‡πå Gateron ‡∏™‡∏ß‡∏¥‡∏ó‡∏ä‡πå RGB Backlit ‡∏™‡∏≥‡∏´‡∏£‡∏±‡∏ö Mac Windows,"‡∏ø4,973.00",
https://www.lazada.co.th/products/keychron-k4-b-v2-wrgb-backlight-gateron-switch-usb-gaming-i4111491975.html,Keychron K4 B V2‡∏ö‡∏•‡∏π‡∏ó‡∏π‡∏ò‡πÑ‡∏£‡πâ‡∏™‡∏≤‡∏¢‡∏Ñ‡∏µ‡∏¢‡πå‡∏ö‡∏≠‡∏£‡πå‡∏î W/rgb Backlight Gateron Switch ‡∏Ñ‡∏µ‡∏¢‡πå‡∏ö‡∏≠‡∏£‡πå‡∏î USB Gaming,"‡∏ø6,107.00",
https://www.lazada.co.th/products/original-keychron-k6-pro-qmk-bluetooth-51-hot-swappable-i4245485891.html,Original Keychron K6 Pro Qmk/ ‡∏ú‡πà‡∏≤‡∏ô‡∏Ñ‡∏µ‡∏¢‡πå‡∏ö‡∏≠‡∏£‡πå‡∏î‡πÑ‡∏£‡πâ‡∏™‡∏≤‡∏¢ Bluetooth 5.1‡∏õ‡∏£‡∏∞‡∏Å‡∏≠‡∏ö‡∏≠‡∏¢‡πà‡∏≤‡∏á‡πÄ‡∏ï‡πá‡∏°‡∏ó‡∏µ‡πà Hot Swappable ‡∏Ñ‡∏µ‡∏¢‡πå‡∏ö‡∏≠‡∏£‡πå‡∏î,"‡∏ø3,835.00",
https://www.lazada.co.th/products/keychron-k4-h-v2-wrgb-backlight-hot-swappable-switch-usb-gaming-keyboard-i4111494977.html,Keychron K4 H V2‡∏ö‡∏•‡∏π‡∏ó‡∏π‡∏ò‡∏Ñ‡∏µ‡∏¢‡πå‡∏ö‡∏≠‡∏£‡πå‡∏î‡πÑ‡∏£‡πâ‡∏™‡∏≤‡∏¢ W/rgb Backlight Hot-Swappable Switch ‡πÅ‡∏ö‡∏ö‡∏°‡∏µ‡∏™‡∏≤‡∏¢ USB Gaming Keyboard,"‡∏ø6,655.00",
